Title,Date,Content
REE dự kiến trả cổ tức năm 2023 với tỷ lệ 25%,12-03-2024 - 14:07 PM,"REE: Giá hiện tại Thay đổi Xem hồ sơ doanh nghiệp TIN MỚI CTCP Cơ điện Lạnh (MCK: REE) vừa công bố tài liệu họp ĐHĐCĐ thường niên năm 2024 dự kiến tổ chức vào ngày 29/3. Đáng chú ý, tờ trình về việc phân phối lợi nhuận cho năm tài chính 2023 và kế hoạch cổ tức cho năm tài chính 2024, lãnh đạo doanh nghiệp này đã đề xuất duy trì tỷ lệ chi trả 25% cho năm 2023, tương đương với năm liền trước. Tuy nhiên tổng giá trị cổ tức sẽ chi trả là 1.022 tỷ đồng, cao hơn mức 889 tỷ đồng của năm 2022 do công ty có tăng vốn.Cụ thể, REE muốn chi 355 tỷ đồng để trả cổ tức tiền mặt theo tỷ lệ 10% (cổ đông được nhận 1.000 đồng cho mỗi cổ phiếu). Đồng thời, doanh nghiệp sẽ trả cổ tức bằng cổ phiếu tỷ lệ 15%, tương đương phát hành thêm 61,3 triệu cổ phiếu mới để phân phối.Hiện REE đang có gần 410 triệu cổ phiếu, tương đương với vốn điều lệ 4.097 tỷ đồng. Nếu hoàn tất đợt trả cổ tức trên, vốn điều lệ của công ty sẽ tăng lên khoảng 4.710 tỷ đồng.Về kế hoạch trả cổ tức năm 2024, REE cho biết, với chiến lược phát triển và tăng trưởng bền vững, đồng thời để đảm bảo nguồn vốn tự có cho việc đầu tư cũng như phát triển các dự án mới, HĐQT sẽ đề xuất tại ĐHĐCĐ phương án trả cổ tức năm 2024 tối đa là 10% vốn điều lệ.Vừa qua, HĐQT REE đã thông qua việc triển khai phương án bán hơn 1 triệu cổ phiếu quỹ, tương đương 0,25% số cổ phiếu đang lưu hành cho nhân viên quản lý có thành tích xuất sắc năm 2023 với giá 10.000 đồng/cổ phiếu. Tổng giá trị bán cổ phiếu quỹ là hơn 10 tỷ đồng sẽ được bổ sung vào nguồn vốn kinh doanh của Công ty. Số cổ phiếu này sẽ bị hạn chế chuyển nhượng trong 3 năm kể từ ngày kết thúc đợt chào bán.REE cho biết thêm, trong danh sách HĐQT có 3/7 thành viên là nhân viên quản lý được quyền mua cổ phiếu ESOP. Song với số phiếu biểu quyết tán thành của 4/4 thành viên HĐQT không có quyền lợi liên quan thì nội dung này vẫn được thông qua với tỷ lệ 100%.Về tình hình kinh doanh, năm 2023, REE mang về tổng doanh thu thuần 8.570 tỷ đồng và lợi nhuận sau thuế 2.786 tỷ đồng, lần lượt giảm 9% và 21% so với năm trước. Kết quả này không hoàn thành mục tiêu doanh thu 10.962 tỷ đồng được ban lãnh đạo đề ra hồi đầu năm. Tuy nhiên, công ty vẫn chinh phục được kế hoạch lợi nhuận sau thuế 2.700 tỷ đồng.Trên thị trường chứng khoán, phiên sáng ngày 12/3, cổ phiếu REE đang giao dịch ở mức 61.900 đồng/cổ phiếu."
Lãnh đạo dệt may TNG tiếp tục muốn thoái lượng lớn cổ phiếu TNG,12-03-2024 - 14:06 PM,"TIN MỚI CTCP Đầu tư và Thương mại TNG (MCK: TNG) mới có thông báo liên quan đến giao dịch cổ phiếu của người nội bộ.Cụ thể, ông Nguyễn Mạnh Linh, Ủy viên HĐQT dệt may TNG đã đăng ký bán 1,18 triệu cổ phiếu TNG trong tổng số 1,51 triệu cổ phiếu đang nắm giữ, tương ứng tỷ lệ 1,34% nhằm phục vụ nhu cầu tài chính cá nhân.Giao dịch dự kiến được thực hiện từ 13/3 đến ngày 10/4/2024 theo phương thức thoả thuận và khớp lệnh. Nếu giao dịch thành công, ông Linh sẽ chỉ còn nắm giữ hơn 337.000 cổ phiếu TNG.Trước đó, từ ngày 26/2-28/2, ông Linh cũng đã đăng ký bán ra 1,63 triệu cổ phiếu TNG. Tuy nhiên hết thời hạn giao dịch, lãnh đạo TNG chỉ bán được khoảng 30% số cổ phiếu đã đăng ký, tương ứng với 449.300 cổ phiếu được bán ra, nguyên nhân do giá cổ phiếu chưa đạt được kỳ vọng.Cùng chiều, bà Nguyễn Thị Miện- em ruột ông Nguyễn Văn Thời, Chủ tịch HĐQT dệt may TNG cũng đăng ký bán 52.000 cổ phiếu trong tổng số 252.131 cổ phiếu đang nắm giữ nhằm giải quyết tài chính cá nhân. Giao dịch dự kiến thực hiện từ ngày 1/3 đến ngày 26/3, theo phương thức thỏa thuận và khớp lệnh.Trên thị trường chứng khoán, phiên giao dịch sáng ngày 12/3, cổ phiếu TNG được giao dịch ở mức 21.900 đồng/cổ phiếu. Tạm tính theo mức giá này, ông Linh sẽ thu về khoảng hơn 25 tỷ đồng còn bà Miện sẽ thu về hơn 1,45 tỷ đồng từ việc bán cổ phiếu TNG.Ngày 21/4 tới đây, TNG dự kiến tổ chức ĐHĐCĐ thường niên 2024, tại Chi nhánh may Việt Thái - Cụm Công nghiệp Sơn Cẩm 1, xã Sơn Cẩm, TP.Thái Nguyên, theo danh sách chốt cổ đông ngày 21/3/2024.Về tình hình kinh doanh, theo công bố báo cáo tài chính riêng tháng 1/2024 của TNG, tháng 1/2024, TNG đem về 524 tỷ đồng doanh thu thuần và lãi ròng đạt 15 tỷ đồng, lần lượt tăng 32% và 168% so với cùng kỳ năm trước.Đại diện Dệt may TNG cho biết, tình hình đơn hàng của công ty đã dồi dào trở lại. Nhiều đối tác lớn đã bán hết hầng tồn kho nên công ty đã ký được các đơn hàng may xuất khẩu với nhiều đối tác như Decathlon, Columbia, The Children’s Place, Sportmaster, Costco, Nike, Adidas… Đơn hàng lớn đã kín hết 6 tháng đầu năm từ trước dịp Tết.Vì vậy, trong năm 2024, TNG dự kiến nâng tổng công suất thêm 15% với việc triển khai thêm 45 dây chuyền may và tuyển thêm 3.000 công nhân, bắt đầu từ tháng 3/2024."
CEO KAFI: Đa số việc kiếm được tiền từ lướt sóng chứng khoán lần này thì lần sau cũng sẽ trả lại,12-03-2024 - 11:33 AM,"TIN MỚI Bước sang năm 2024, dù còn phải đối mặt với những khó khăn và thách thức, nhưng dự báo nền kinh tế Việt Nam sẽ tiếp tục tăng trưởng tích cực, qua đó thị trường chứng khoán Việt Nam cũng sẽ phát triển vững chắc. Vậy đầu tư theo phương pháp nào cho hiệu quả luôn là vấn đề được các nhà đầu tư quan tâm. Vào thời điểm năm 2021, hầu hết các nhà đầu tư cứ mua vào là sinh lời. Tuy nhiên, với những diễn biến xảy ra trong năm 2022 và trong năm 2023 đã cho thấy, để đầu tư thành công trên thị trường chứng khoán thành công không phải là điều dễ dàng mà các nhà đầu tư cần có chiến lược cụ thể.Trao đổi trong Talk Show Phố Tài trên VTV8, ông Trịnh Thanh Cần, Tổng giám đốc Công ty CP Chứng khoán KAFI cho biết, cơ hội thì luôn có trên thị trường và dựa vào khẩu vị rủi ro của mình mà nhà đầu tư lựa chọn phương án cho phù hợp. Tuy nhiên, để thành công trên thị trường nhà đầu tư vẫn luôn cần có kiến thức và kinh nghiệm hoặc có sự tư vấn của những người có chuyên môn sâu trong lĩnh vực.BTV Mùi Khánh Ly: Câu chuyện đầu tư giá trị hay là đầu tư ngắn hạn luôn là vấn đề được nhà đầu tư đặt lên bàn cân khi tham gia vào thị trường chứng khoán. Và trong bối cảnh năm 2023, theo ông đầu tư giá trị hay đầu cơ giao dịch ngắn hạn đạt được kết quả cao hơn?Ông Trịnh Thanh Cần, Tổng giám đốc Công ty CP Chứng khoán KAFINhững khó khăn trong năm 2023 là những khó khăn nối dài từ năm 2022 với những sự kiện lớn như xung đột Nga – Ukraine, sau đó Ngân hàng trung ương Mỹ tăng lãi suất liên tục để chống lạm phát, còn ở Việt Nam thì có những khó khăn của thị trường trái phiếu, bất động sản...Tuy nhiên, chúng ta cũng có những thuận lợi là xu hướng điều hành hạ lãi suất của Ngân hàng Nhà nước Việt Nam và sự nỗ lực của Chính phủ trong việc đẩy mạnh đầu tư công cũng như kêu gọi dòng vốn FDI. Và với những yếu tố tích cực đó, năm 2023 thị trường chứng khoán đã hồi phục hơn 12%. Như vậy, đối với vấn đề đầu tư hay đầu cơ thì trước tiên là đối với nhà đầu tư chuyên nghiệp, là những nhà đầu tư đã có thâm niên trong thị trường chứng khoán, có nghiên cứu sâu về thị trường hoặc là những định chế, họ hoàn toàn có thể áp dụng cả hai phương pháp này, để tìm ra lợi nhuận tốt nhất. Tuy nhiên, đối với các nhà đầu tư cá nhân, chiếm đa số trên thị trường hiện nay, tôi nghĩ bức tranh sẽ ngược lại. Đối với nhà đầu tư không chuyên nghiệp, chưa hiểu sâu về thị trường thì cho dù họ có may mắn tham gia vào thị trường vào những năm thị trường rất tốt như 2021, cứ mua vào là thắng, họ đầu tư ngắn hạn, lướt sóng và đạt được những thành quả lúc ban đầu, điều này sẽ hình thành suy nghĩ sai lệch về thị trường chứng khoán. Tôi cho rằng năm 2023 là một năm phù hợp để đầu tư giá trị và dài hạn.Theo ông đánh giá thì hiện nay tâm lý đầu tư ngắn hạn hay còn gọi là đầu cơ chiếm bao nhiêu % trên thị trường và ở các thị trường phát triển thì sao?Theo thống kê tại thị trường chứng khoán Việt Nam, hiện có khoảng trên 80% giá trị giao dịch là đến từ nhà đầu tư cá nhân. Phần nhiều nhà đầu tư cá nhân thường có xu hướng đầu tư theo cảm tính, theo bản năng, nghe theo tin đồn và cũng có thể là nhìn đồ thị mà đoán thị trường chứ không thực sự được đào tạo bài bản. Và đối với những thị trường phát triển, con số trên sẽ là ngược lại, đặc biệt là ở Mỹ, các quỹ hưu trí hay các dịch vụ quản lý tài sản cá nhân phát triển rất mạnh, và đa số giá trị giao dịch trên thị trường đến từ các định chế. Phong cách đầu tư của định chế thì cũng sẽ có ngắn hạn và dài hạn, tuy nhiên là sự đầu tư chuyên nghiệp. Ví dụ như Warren Buffett là đầu tư dài hạn, còn các quỹ hưu trí thì lại đầu tư định kỳ, cứ hàng tháng lại có nguồn tiền mới vào danh mục mà họ đã định sẵn hoặc là ngắn hạn thì các quỹ định lượng họ cũng ra vào thị trường liên tục nhưng cách đầu tư của họ luôn có phương pháp rất rõ ràng.Thực tế, tâm lý nhà đầu tư cũng đều mong muốn có lợi nhuận nhanh nhất có thể, còn quan điểm của ông thì sao? Thật ra ai trong chúng ta cũng mong muốn có một mức lợi nhuận cao nhất, trong thời gian ngắn nhất. Tuy nhiên, theo tôi, xác suất đó rất thấp. Tại vì nếu dễ dàng như vậy thì tất cả chúng ta, ai cũng có thể kiếm tiền dễ dàng và thật ra đồng tiền khi đó cũng sẽ bị mất giá trị, không ai còn muốn đi làm nữa. Theo quan sát và thống kê của tôi thì đa số các nhà đầu tư cá nhân khi tham gia lướt sóng trên thị trường thì có thể có những mức lợi nhuận tốt trong ngắn hạn. Nhưng sau một năm, hai năm hay ba năm thì đa số họ sẽ là thua lỗ. Nên thật ra khi chúng ta tỉnh táo thì việc đầu tư nên được xem là một việc nghiêm túc, có cần kiến thức và trau dồi kiến thức của mình. Nhà đầu tư cá nhân cũng có thể chọn cho mình những nhà tư vấn theo hướng đầu tư giá trị và khi họ cảm thấy có đầy đủ kiến thức, tự tin thì có thể tham gia trading, xác suất có lãi lúc đó sẽ cao hơn. Đối với Kafi khi thành lập ra thì đội ngũ có một tâm huyết và muốn tạo ra những giải pháp đem lại giá trị tốt cho nhà đầu tư, giúp cho nhà đầu tư hình thành thói quen đầu tư tích lũy. Chúng tôi chia ra là Kafi Trade cho những nhà đầu tư chuyên nghiệp giao dịch chứng khoán, còn Kafi Wealth là để nhà đầu tư quản lý dòng tiền nhàn rỗi của mình, với mức lãi suất cao cố định và an toàn cho nhà đầu tư. Chúng tôi mong muốn các nhà đầu tư rút ngắn hành trình tiến đến sự tự do tài chính của mình.Nhiều ý kiến cho rằng đầu tư giá trị như vậy, thời gian chờ đợi lâu hơn, lại vừa thu được lợi nhuận trung bình không cao như đầu tư ngắn hạn có khi chỉ sau vài phiên cũng đã tăng mấy chục %, thậm chí tăng gấp đôi?Có thể họ nghe những thông tin là anh môi giới này nói mới lướt sóng một cổ phiếu rất thành công, thì có thể việc thành công khi đầu tư một hai cổ phiếu là có. Tuy nhiên xác suất cho phong cách đầu tư đó để mà giữ được tiền trong thời gian dài tôi thấy gần như không tới 1% đâu. Đa số việc kiếm được tiền từ việc lướt sóng lần này thì lần sau cũng sẽ trả lại. Cho nên, theo thống kê chung của thị trường, nhà đầu tư cá nhân hay bị thua lỗ là vì vậy. Và tôi vẫn nghĩ rằng, việc đầu tư luôn cần phải có đủ kiến thức và phải tích lũy đủ thời gian mới có một khả năng thành công lớn hơn.Năm 2024, dự báo nền kinh tế tuy còn phải đối mặt với những khó khăn và thách thức, nhưng sẽ vẫn tăng trưởng, còn thị trường chứng khoán sẽ như thế nào theo dự báo của ông?Năm 2024 sẽ được kế thừa từ những chính sách mà Chính phủ đã nỗ lực triển khai trong năm 2023. Tôi đánh giá lãi suất sẽ duy trì ở mức thấp ít nhất trong 6 tháng đầu năm và chúng ta thấy dòng vốn đầu tư FDI có xu hướng tăng lên trong sáu tháng cuối năm 2023, sang 2024 dòng vốn đó sẽ bắt đầu tạo ra sản phẩm và gia tăng được xuất khẩu và đóng góp vào GDP của Việt Nam. Ngoài ta, đầu tư công vẫn tiếp tục được đẩy mạnh.Đối với kinh tế toàn cầu thì Ngân hàng trung ương Mỹ được dự báo là có thể hết quý I hoặc quý II/2024 sẽ từ từ hạ lãi suất trở lại, và thúc đẩy nền kinh tế toàn cầu, cũng như cải thiện nhu cầu trên thế giới. Việt Nam là một nước phụ thuộc vào xuất khẩu rất nhiều, cho nên tôi đánh giá năm 2024 cũng sẽ là một năm tích cực. Tuy nhiên, sẽ không phải là một năm bùng nổ. Tôi chỉ kỳ vọng là thị trường chứng khoán tăng trưởng từ 15 – 20%.Với bối cảnh đó, theo ông nhà đầu tư sẽ chọn phương án đầu tư giá trị hay đầu tư ngắn hạn trong năm 2024?Theo tôi, làm gì cũng phải cần một thời gian để đạt được thành quả, tức là không thể nào kỳ vọng một điều bất hợp lý, trong thời gian ngắn mà kiếm được nhiều tiền. Còn đối với nhà đầu tư chuyên nghiệp hoặc nhà đầu tư có kiến thức, có chiến lược đầu tư rõ ràng thì năm 2024 sẽ vẫn có một số chu chu kỳ ngắn trong năm và có thể gia giảm danh mục của mình. Khi nền kinh tế phục hồi thì đối với Việt Nam, một số ngành về hạ tầng, ngành bất động sản khu công nghiệp, hay ngành ngân hàng thì các nhà đầu tư cũng có thể lựa chọn những doanh nghiệp hay ngân hàng có số tăng trưởng tốt để đầu tư.Nền kinh tế theo tôi cảm nhận hiện tại thì vẫn đang còn những khó khăn, bởi nền kinh tế của Việt Nam vẫn đang phụ thuộc nhiều vào lĩnh vực bất động sản. Nếu thị trường bất động sản được khơi thông ở một số phân khúc nào đó thì sẽ giúp khơi thông lại một phần của nền kinh tế. Cho nên, những động thái của Chính phủ cũng đang rất tập trung để tháo gỡ những khó khăn đối với các dự án bất động sản. Tôi nghĩ việc đẩy mạnh đầu tư công là đã đi đúng hướng, chỉ là cần quyết liệt hơn trong việc thực thi thì nền kinh tế của chúng ta sẽ năng động trở lại nhanh hơn."
"Tiền nhiều để làm gì: Một ""đại gia"" bất động sản KCN đem nghìn tỷ cho loạt CTCK top đầu vay lãi suất rẻ, rót hơn trăm tỷ đầu tư cổ phiếu nhưng vẫn thừa cả đống gửi ngân hàng",12-03-2024 - 11:28 AM,"SIP: Giá hiện tại Thay đổi Xem hồ sơ doanh nghiệp TIN MỚI Việc doanh nghiệp niêm yết đem tiền đi đầu tư các cổ phiếu khác là điều không hiếm trên sàn. Tuy nhiên việc doanh nghiệp cho các công ty chứng khoán vay tiền không quá phổ biến. Ghi nhận tại BCTC quý 4/2023 của Công ty Cổ phần Đầu tư Sài Gòn VRG (mã SIP), tại thời điểm 31/12/2023, doanh nghiệp này phát sinh khoản phải thu từ việc cho vay ngắn hạn gần 956 tỷ đồng đối với Chứng khoán Ngân hàng TMCP Công thương Việt Nam (Vietinbank Securities, mã CTS). Cuối quý 3 không ghi nhận khoản mục này.Theo SIP, đây là khoản vay tín chấp ngắn hạn được hưởng lãi suất từ 5% - 7%/năm.Động thái này diễn ra sau khi Vietinbank Securities trong tháng 11/2023 công bố nghị quyết về việc phê duyệt việc thực hiện vay vốn tại SIP với hạn mức tối đa 2.000 tỷ đồng (bao gồm các khoản vay đang còn dư nợ), sau đó nâng hạn mức lên 2.500 tỷ đồng theo nghị quyết hồi tháng 1/2024.Ngoài ra, SIP hiện còn ghi nhận cho với Chứng khoán Ngân hàng TMCP Ngoại thương Việt Nam (VCBS) vay 311 tỷ, giảm khoảng 400 tỷ so với thời điểm cuối quý 3/2023, cũng với lãi suất từ 4,7% - 7%; và cho CTCP Chứng khoán Cao su vay gần 3 tỷ đồng. Tổng giá trị khoản cho vay ngắn hạn đối với các CTCK của SIP xấp xỉ 1.270 tỷ đồng vào thời điểm cuối năm 2023.Vietinbank Securities hay VCBS đều là những công ty chứng khoán top đầu và lâu đời tại thị trường chứng khoán Việt Nam. Việc SIP có khả năng bơm hơn nghìn tỷ cho các CTCK vay nhờ tiềm lực tài chính tốt.Cụ thể cuối năm 2023, SIP có tổng tài sản 21.084 tỷ đồng, tăng 2.081 tỷ đồng so với con số đầu năm. Tài sản sản tiền và các khoản tương đương tiền ghi nhận hơn 827 tỷ đồng, tiền gửi có kỳ hạn gần 3.014 tỷ đồng.Ngoài ra, doanh thu chưa thực hiện đạt 11.273 tỷ đồng cộng thêm người mua trả tiền trước hơn 54 tỷ đồng. Như vậy, tổng cộng SIP có hơn 11.300 tỷ đồng doanh thu chưa thực hiện và người mua trả tiền trước. Đây chủ yếu doanh thu nhận trước của khách hàng thuê đất khu công nghiệp và là ""của để dành"" để phân bổ dần trong những năm tài chính sắp tới của công ty.Không những đem tiền cho vay và gửi ngân hàng, SIP còn được biết tới là một trong những tay ngang trên sàn với truyền thống đem tiền đi đầu tư cổ phiếu. Cuối năm 2023, SIP ghi nhận khoản đầu tư có giá gốc 122 tỷ đồng tại cổ phiếu TRC của Công ty Cổ phần Cao su Tây Ninh, trích lập dự phòng hơn 281 triệu đồng. Được biết SIP và TRC đều có sự hiện diện của Tập đoàn Công nghiệp Cao su Việt Nam (GVR) trong cơ cấu cổ đông.Về tình hình kinh doanh chung, lũy kế năm 2023, SIP ghi nhận doanh thu hơn 6.676 tỷ đồng, tăng trưởng 10% so với kết quả năm 2022; lợi nhuận sau thuế đạt 1.036 tỷ đồng, tăng trưởng 3%.So với kế hoạch đã đề ra là doanh thu 5.312 tỷ đồng và lợi nhuận sau thuế 755 tỷ đồng. Như vậy công ty đã vượt 26% mục tiêu doanh thu và vượt 37% mục tiêu lợi nhuận.Liên quan, mới đây, GVR đã công bố kế hoạch tái cơ cấu trong đó dự kiến sẽ chuyển nhượng vốn tại các đơn vị thành viên bao gồm SIP. Hiện GVR nắm giữ hơn 3,6 triệu cổ phiếu SIP tương ứng tỷ lệ gần 2% vốn."
NHNN tiếp tục hút tiền sẽ tác động như thế nào đến thị trường chứng khoán?,12-03-2024 - 10:20 AM,"TIN MỚI Sau 4 tháng tạm dừng, ngày 11/3, Ngân hàng Nhà nước (NHNN) bất ngờ chào bán tín phiếu trở lại và hút gần 15.000 tỷ đồng khỏi hệ thống. Động thái của NHNN diễn ra trong bối cảnh tỷ giá tăng nóng trong những tuần gần đây và thanh khoản hệ thống có phần dồi dào trở lại khi tăng trưởng tín dụng ở mức thấp. Điều này được kỳ vọng sẽ hỗ trợ sự ổn định của tỷ giá USD/VND – vốn đang chịu áp lực và đang tiệm cận mức đỉnh lịch sử. Vậy động thái này ﻿có tác động ra sao đến nền kinh tế nói chung và thị trường chứng khoán nói riêng?Phát hành tín phiếu ghìm áp lực tỷ giáÔng Huỳnh Minh Tuấn, Chủ tịch Hội đồng quản trị CTCP FIDT, nhận định dòng tiền đầu cơ vào 2 thị trường ""shadow"" là crypto và vàng giai đoạn này là nguyên nhân chính dẫn đến áp lực tỷ giá (áp lực mạnh nhất là trên các sàn crypto và chợ đen). Thời gian qua, cả crypto và vàng đều chạm đỉnh cao mọi thời đại khiến xu hướng đầu cơ theo đà mạnh dần.Măc dù không có số liệu cụ thể về dòng tiền đầu cơ trên 2 thị trường này không có, nhưng ông Tuấn cho rằng có cơ sở suy đoán rằng quy mô đầu cơ của Việt Nam trên crypto và vàng (đặc biệt là crypto) lớn đáng kể và có thể tạo ra các biến động mạnh trên thị trường tài chính. Hiện tại, áp lực tỷ giá từ thị trường tự do là rất lớn. Tỷ giá tự do chạm 25.700, trong khi tỷ giá P2P trên crypto cũng trên 25.800. Theo chuyên gia, áp lực tỷ giá lần này là khá đặc biệt, vì Việt Nam đang có nhiều yếu tố làm suy yếu tỷ giá (bao gồm chính sách tiền tệ nới lỏng , lãi suất rẻ kỷ lục, cung VND dư thừa, kinh tế thực yếu - tài chính đầu cơ được ưu tiên, tỷ lệ tham gia crypto cao).Hành động của NHNN cho thấy họ quan ngại về điều này, cũng đến thời điểm NHNN bắt buộc phải ra dấu hiệu tạm dừng dòng tiền đầu cơ bằng can thiệp, dù hiệu quả chưa rõ ràng . Mục đích của NHNN là bảo vệ kỳ vọng tỷ giá trung hạn (kỳ vọng tỷ giá ngân hàng của VN ngưỡng 24.800 – 25.000 (giống USDJPY ngưỡng 150 - 152), với biên động dao động an toàn < 3%/năm). 2 kịch bản hút tiền của NHNNDự báo về động thái tiếp theo của NHNN, chuyên gia FIDT đưa ra hai kịch bản:Kịch bản 1, NHNN hút bill nhẹ, dự đoán khoảng 120.000 – 150.000 tỷ, duy trì khoảng hơn 1 tuần với tốc độ 15.000/phiên như hiện tại. Kịch bản này xảy ra nếu xu hướng crypto và gold có dấu hiệu giảm nhiệt. Kịch bản 2, nếu xu hướng crypto và gold vào xu hướng tăng trung hạn, liên tục tạo đỉnh mới, động lượng tăng giá cao, khiến tỷ giá tự do phá đỉnh 26. 000 hoặc cao hơn nữa, ông Tuấn cho rằng NHNN hút bill mạnh. Khối lượng phát hành tín phiếu dự báo khoảng 180.000 – 200.000 tỷ là cao trong đợt này. Những số liệu dự đoán dựa trên hành động hút bill quý 3/2023 của SBV cũng như dựa trên thanh khoản dư thừa hệ thống ngân hàng hiện tại (khoảng trên 230.000 tỷ). Tác động đến thanh khoản thị trường chứng khoánVề bối cảnh kinh tế hiện tại, chuyên gia FIDT cho rằng bức tranh kinh tế tổng thể đang tốt hơn nhiều so với kỳ vọng đa số quý trước.Động thái này của NHNN có thể gây thắt chặt thanh khoản phần nào đó trên thị trường liên ngân hàng/thị trường chứng khoán, nếu hành động hút diễn ra liên tục sắp tới. ""Lượng thanh khoản TTCK giai đoạn gần đây duy trì mức trên 23.000 tỷ/phiên nhờ vào 1 phần lượng thanh khoản dư thừa trong hệ thống tài chính và lãi suất rẻ kỷ lục chảy trong nền kinh tế. Với việc thắt chặt lượng vốn dư thừa trên liên ngân hàng, có thể quan ngại lượng cầu mua của TTCK sẽ giảm phần nào đó, do các giảm rủi ro về thanh khoản ngắn hạn và tâm lý nhà đầu"", ông Huỳnh Minh Tuấn cho biết.Dù vậy, ông kỳ vọng việc phát hành tín phiếu của NHNN kỳ vọng ko gây ảnh hưởng đến cấu trúc lãi suất tiền gửi - cho vay của hệ thống ngân hàng trong giai đoạn quý 2 , trong bối cảnh tăng trưởng tín dụng vẫn chưa khởi sắc đáng kể.Tuy nhiên, nên nhìn rủi ro tăng đầu cơ của crypto và vàng là rủi ro cục bộ cho Việt Nam trong ngắn hạn, nhà quản lý đang nhận ra rủi ro. Sau giai đoạn này, có thể chờ đợi vào xu hướng mới tốt hơn của thị trường. ""Nhờ sự linh hoạt và xoay chiều nhanh về chính sách mà nội tại kinh tế Việt Nam đã vượt qua mùa khó tốt và tạo nền tảng kì vọng cho VN-Index trong thời gian gần đây. Tôi cho rằng tác động của việc hút bill kì này cũng mang tính ngắn hạn và bối cảnh có tích cực hơn giai đoạn tháng 11/2023"", Chủ tịch FIDT nhận định."
"PV Power báo doanh thu sụt giảm 1/3 trong tháng 2, chốt xong giá điện cho nhà máy điện Nhơn Trạch 3 và 4",12-03-2024 - 10:17 AM,"POW: Giá hiện tại Thay đổi Xem hồ sơ doanh nghiệp TIN MỚI Tổng Công ty Điện lực Dầu khí Việt Nam (PV Power, mã: POW) đã công bố kết quả kinh doanh ước tính trong tháng 2/2024 với doanh thu ước đạt 1.589 tỷ đồng, giảm 43% so với cùng kỳ năm trước và đạt 74% kế hoạch tháng. Trong đó Nhà máy điện Cà Mau 1&2 đóng góp nhiều nhất với 850 tỷ đồng doanh thu, Nhà máy điện Vũng Áng 1 đóng góp 649 tỷ đồng doanh thu.Doanh thu bán điện trong tháng 2 ước đạt 1.560 tỷ đồng. Sản lượng phát điện ước đạt 912 triệu kWh. Theo PV Power, tháng 2 là thời điểm cuối mùa khô tại miền Bắc và miền Nam, bắt đầu mùa khô ở miền Trung. Trong tháng 2 là dịp nghỉ lễ Tết Nguyên Đán, phụ tải toàn hệ thống giảm sâu làm giảm khả năng huy động của các NMĐ trên toàn hệ thống. Giá điện thị trường toàn phần FMP bình quân dự kiến khoảng 1.420 VNĐ/kWh, thấp hơn giá biến đổi bình quân nhiên liệu đối với các nhà máy điện khí của PV Power. Việc này ảnh hưởng đến khả năng chào giá, vận hành các NMĐ.Lũy kế 2 tháng đầu năm 2024, doanh thu ước đạt 3.604 tỷ đồng, giảm 20% so với cùng kỳ năm trước.Về tình hình hoạt động của các nhà máy điện, tại NMĐ Cà Mau 1 và 2, nhà máy vận hành đảm bảo không phát sinh nghĩa vụ bao tiêu khí, để đạt hiệu quả tối ưu. Trong giai đoạn cuối tháng, giá thị trường tăng so với đầu tháng nên NMĐ Cà Mau 1&2 được huy động với sản lượng cao.Tại NMĐ Vũng Áng 1 giá thị trường cao hơn so với chi phí biến đổi nhiên liệu than và nhà máy chào giá vận hành đảm bảo hiệu quả, đạt sản lượng tương đối cao trong điều kiện nhu cầu phụ tải toàn hệ thống giảm thấpTuy nhiên tại Nhà máy điện Nhơn Trạch 1, trong bối cảnh giá điện thị trường thấp so với chi phí biến đổi và nhu cầu phụ tải thấp, nhà máy không được huy động khi chào giá vận hành cao hơn giá điện thị trường.Tương tự, nhu cầu phụ tải của toàn hệ thống thấp, Nhà máy điện Nhơn Trạch 2 chỉ được huy động sản lượng thấp khi chào giá vận hành cao hơn giá điện thị trường.Tại NMĐ Đakđrinh, NMĐ đã cân đối chào giá vận hành đáp ứng Qc được giao, ưu tiên vận hành sản lượng lớn tại các chu kỳ có giá thị trường cao.Trong khi đó, NMĐ Hủa Na được giao Qc thấp (27,4 triệu kWh, A0 điều chỉnh còn 14,0 triệu kWh). Nhà máy chào giá vận hành cân đối tối ưu lợi nhuận và giữ nước cho giai đoạn vận hành mùa nắng nóng với giá thị trường cao.Thông tin về tình hình đầu tư dự án mới, PV Power cho biết, tính đến thời điểm 26/1/2024, tiến độ tổng thể EPC dự án Nhà máy điện Nhơn Trạch 3 và Nhơn Trạch 4 ước đạt 80,2% so với kế hoạch là 86,2%. Với hợp đồng PPA, PV Power và EPTC đã thống nhất giá điện NMNĐ Nhơn Trạch 3&4.Công ty sẽ tiếp tục thực hiện công tác thu xếp vốn, đàm phán hợp đồng mua bán khí và hợp đồng mua bán điện cho dự án theo đúng tiến độ.Bước sang tháng 3, PV Power đặt mục tiêu doanh thu là 3.002 tỷ đồng, sản lượng điện dự kiến đạt 1.601 triệu kWh."
Bộ trưởng Bộ Tài chính Hồ Đức Phớc chủ trì Hội nghị Xúc tiến Đầu tư tài chính tại Nhật Bản,12-03-2024 - 10:01 AM,"TIN MỚI Ngày 12/3, Bộ Tài chính Việt Nam tổ chức Hội nghị Xúc tiến Đầu tư tài chính tại Nhật Bản với chủ đề ""Việt Nam – Điểm đến đầu tư"". Bộ trưởng Bộ Tài chính Hồ Đức Phớc chủ trì Hội nghị.Tham dự Hội nghị, về phía Việt Nam có ông Phạm Quang Hiệu - Đại sứ đặc mệnh toàn quyền Việt Nam tại Nhật Bản; bà Vũ Thị Chân Phương - Chủ tịch Ủy ban Chứng khoán Nhà nước; ông Mai Xuân Thành - Tổng cục trưởng Tổng Cục thuế; ông Lưu Mạnh Tưởng - Phó Tổng cục trưởng Tổng cục Hải quan và đại diện một số đơn vị thuộc Bộ Tài chính.Về phía Nhật Bản, có đại diện Bộ Tài chính Nhật Bản (MFJ); Cơ quan các dịch vụ Tài chính Nhật Bản (FSA); Cơ quan Hợp tác Quốc tế Nhật Bản (JICA); Cục Công Nghiệp và Lao động Tokyo (BILAT), Hiệp hội Kinh doanh Chứng khoán Nhật Bản (JSDA).Hội nghị cũng có sự tham dự của trên 200 đại biểu đến từ hàng trăm doanh nghiệp hàng đầu của Nhật Bản và Việt Nam (bao gồm các định chế tài chính, ngân hàng, tập đoàn bảo hiểm nhân thọ, quỹ đầu tư, công ty chứng khoán và các tập đoàn, doanh nghiệp của hai nước).Phát biểu khai mạc Hội nghị, Bộ trưởng Bộ Tài chính Hồ Đức Phớc hoan nghênh các đại biểu, doanh nghiệp, nhà đầu tư đã đến tham dự Hội nghị, thể hiện sự tâm huyết và trách nhiệm cùng chung tay xây dựng và phát triển mối quan hệ giữa hai quốc gia Việt Nam - Nhật Bản ngày càng bền chặt và thịnh vượng hơn. Bộ trưởng cho biết sau hơn 50 năm chính thức thiết lập quan hệ ngoại giao, năm nay là năm đầu tiên Việt Nam và Nhật Bản triển khai thực hiện quan hệ ""Đối tác Chiến lược Toàn diện vì Hòa bình và Thịnh vượng tại châu Á và trên thế giới"" vừa được nâng cấp kể từ tháng 11 năm 2023. Nhật Bản trở thành đối tác kinh tế quan trọng hàng đầu của Việt Nam và Việt Nam cũng đã trở thành đối tác quan trọng của Nhật Bản tại Đông Nam Á. Bộ trưởng tin tưởng Hội nghị sẽ tiếp tục mở ra những cơ hội lớn hơn nữa cho hợp tác và phát triển giữa 2 nước. Đồng thời, Chính phủ Nhật Bản, các cơ quan, tổ chức có liên quan của Nhật Bản tiếp tục phối hợp để tô đậm thêm mối quan hệ bền chặt giữa hai dân tộc, tạo ra môi trường đầu tư thông thoáng và hỗ trợ các doanh nghiệp Nhật Bản đầu tư tại Việt Nam.""Tôi mong rằng sau Hội nghị này, các doanh nghiệp hai nước sẽ có thêm nhiều ý tưởng và dự án hợp tác mới để làm sâu sắc hơn hợp tác kinh tế cũng như quan hệ đối tác chiến lược toàn diện Việt Nam - Nhật Bản"", Bộ trưởng phát biểu tại Hội nghị.Bộ Tài chính Việt Nam cam kết đồng hành và tạo thuận lợi cho các doanh nghiệp hai nước và mong muốn Nhật Bản tiếp tục là một trong những đối tác quan trọng hàng đầu và lâu dài về đầu tư trực tiếp và đầu tư gián tiếp vào Việt Nam. Tiếp tục phối hợp để tô đậm thêm mối quan hệ bền chặt giữa hai dân tộc, tạo ra môi trường đầu tư thông thoáng và hỗ trợ các doanh nghiệp Nhật Bản đầu tư tại Việt Nam. Tại Hội nghị, Bộ Tài chính đã giới thiệu đến các nhà đầu tư Nhật Bản về sự phát triển của thi trường chứng khoán (TTCK) Việt Nam trong thời gian qua. Trong năm 2023, mặc dù chịu nhiều thách thức, khó khăn từ bối cảnh kinh tế thế giới và trong nước, với sự hỗ trợ từ nền tảng kinh tế vĩ mô ổn định và sự chỉ đạo, điều hành chủ động, linh hoạt, quyết liệt của Chính phủ, Thủ tướng Chính phủ, Bộ Tài chính, cùng sự phối hợp chặc chẽ của bộ, ngành và các đơn vị liên quan; TTCK Việt Nam phục hồi tốt, cấu trúc thị trường ngày càng được hoàn thiện, đạt được nhiều kết quả đạt quan trọng ở nhiều khía cạnh. TTCK Việt Nam tiếp tục là điểm sáng thu hút nhà đầu tư tư trong và ngoài nước, là kênh dẫn vốn hiệu quả và quan trọng cho nền kinh tế. Nâng hạng thị trường chứng khoán Việt Nam từ thị trường cận biên lên thị trường mới nổi là một trong những mục tiêu lớn mà Chính phủ Việt Nam đang hướng tới. Mục tiêu này đã được đưa vào đề án cơ cấu lại thị trường chứng khoán và thị trường bảo hiểm đến năm 2020 và định hướng đến năm 2025, chiến lược phát triển thị trường chứng khoán đến năm 2030. Bộ Tài chính, UBCKNN đã triển khai nhiều hoạt động nhằm hợp tác sâu sắc và toàn diện với các đối tác nước ngoài, trao đổi thông tin với các bên liên quan nhằm thu hút vốn đầu tư nước ngoài và tháo gỡ những vướng mặc khi đầu tư vào thị trường chứng khoán Việt Nam. Chia sẻ những nhiệm vụ, giải pháp trọng tâm sẽ triển khai để tạo dựng cơ sở cho sự phát triển TTCK trong trung và dài hạn, Bộ trưởng Bộ Tài chính khẳng định sẽ quyết liệt triển khai các giải pháp phát triển thị trường, hoàn thiện khung khổ pháp lý; chuyển đổi số mạnh mẽ trong lĩnh vực chứng khoán; phối hợp với các bộ, ngành liên quan tháo gỡ những khó khăn cho danh nghiệp; tập trung thanh tra, kiểm tra đảm bảo TTCK an toàn, minh bạch; đồng thời, tăng cường hợp tác quốc tế, triển khai các giải pháp thu hút đầu tư gián tiếp nước ngoài, hướng tới nâng hạng thị trường chứng khoán Việt Nam từ thị trường cận biên lên thị trường mới nổi. Toàn cảnh Hội nghịTại Hội nghị, đại diện từ các công ty chứng khoán, doanh nghiệp niêm yết lớn trên TTCK Việt Nam đã trình bày các bài tham luận về cơ hội đầu tư trên TTCK Việt Nam, tiềm năng phát triển tài chính xanh, nhu cầu vốn của doanh nghiệp niêm yết cho phát triển bền vững, an ninh năng lượng cũng như nhu cầu hợp tác phát triển bền vững với nhà đầu từ nước ngoài. Về phía các doanh nghiệp Nhật Bản, trình bày tham luận là đại diện đến từ Công ty chứng khoán Daiwa tại Việt Nam, đây là doanh nghiệp đến từ Nhật Bản đã gắn bó, đồng hành với thị trường chứng khoán Việt Nam 16 năm. Ông Takafumi Oue, trưởng văn phòng đại diện công ty chứng khoán Daiwa tại Việt Nam đã chia sẻ những kinh nghiệm đầu tư vào thị trường chừng khoán Việt Nam; Ông cho biết từ năm 2008, Công ty chứng khoán Daiwa đã ký kết liên minh với Công ty chứng khoán SSI và tham gia nhiều hoạt động mua bán và sáp nhập thành công trên thị trường chứng khoán Việt Nam. Đại diện Daiwa đánh giá thị trường chứng khoán Việt Nam được các nhà đầu tư Nhật Bản chào đón và khẳng định thời gian tới Daiwa sẽ mở rộng hoạt động tại Việt Nam, tạo cơ hội cho các nhà doanh nghiệp Nhật Bản tham gia đầu tư vào Việt Nam. Ông Takafumi Oue, Trưởng Văn phòng đại diện Công ty chứng khoán Daiwa tại Việt Nam chia sẻ tại Hội nghịTrong phiên đối thoại chính sách tại Hội nghị, các nhà đầu tư Nhật Bản thể hiện sự quan tâm đối với cơ hội đầu tư trên TTCK Việt Nam và có nhiều câu hỏi đối với các chính sách phát triển thị trường chứng khoán, nâng hạng thị trường - thu hút các dòng vốn mới... Chủ tịch UBCKNN Vũ Thị Chân Phương đã trực tiếp trao đổi những giải pháp giải quyết vấn đề còn vướng mắc trong công tác nâng hạng thị trường cũng như chính sách để tăng cường các quy định về công bố thông tin, giao dịch nội gián, nâng cao chất lượng doanh nghiệp niêm yết trên TTCK Việt Nam. Hội nghị Xúc tiến Đầu tư tài chính tại Nhật Bản được kỳ vọng mang lại những thông tin hữu ích với tầm nhìn rộng mở để hướng tới sự phát triển theo hướng tích cực của thị trường vốn Việt Nam, tạo cơ hội để Việt Nam ngày càng hoàn thiện về cơ chế, chính sách nhằm thu hút sự tham gia của đông đảo các nhà đầu tư quốc tế."
Khi các kênh đầu tư đều 'nóng': Bỏ tiền vào đâu?,12-03-2024 - 09:40 AM,"TIN MỚI Tài sản rủ nhau tăng giá Những ngày qua, giá vàng SJC liên tục leo dốc và vượt 82 triệu đồng/lượng, vàng nhẫn lên hơn 71 triệu đồng/lượng, cao nhất từ trước tới nay. Bất chấp giá vàng tăng phi mã, nhiều người vẫn chen chân trong các hàng vàng. Vàng nhẫn “nóng” tới mức, có cửa hàng phải viết giấy hẹn khách nhận vàng sau 1 tháng. Khách mua vàng nhẫn với số lượng trên 4 lượng, sau gần 1 tháng mới lấy được. Những dòng tiền đầu tư liên tục được rót vào vàng với kỳ vọng giá còn tiếp tục lập đỉnh trong thời gian tới. Chứng khoán hút dòng tiền, với đều đặn những phiên tỷ USD. Ảnh: Như Ý. Cùng với giá vàng lên cơn sốt, ngày 11/3, Bitcoin chính thức vượt mốc 71.000 USD, xác lập mốc cao nhất lịch sử. Đồng Ethereum (ETH) cũng tiến gần trở lại mốc 4.000 USD. Theo New York Times, sự khác biệt lớn giữa cơn “sóng” hiện tại so với thời kỳ bùng nổ hồi 2021 là sự tham gia của các tổ chức tài chính lớn, nhóm “cá mập” này có BlackRock và Fidelity - hai trong số những nhà quản lý tài sản lớn nhất thế giới. Nổi sóng theo Bitcoin, các đồng meme coin thường để giải trí hoặc đầu cơ (lấy cảm hứng từ các yếu tố hài hước) cũng đồng loạt tăng giá. “Những chú chó” trong lĩnh vực tiền mã hóa như Dogecoin (DOGE), Shiba Inu (SHIB) hay “ếch xanh” Pepecoin (PEPE) cùng nhảy vọt. Trong vòng 30 ngày, PEPE tăng giá tới 784%, SHIB tăng 266%, DOGE tăng 115%. Hiện DOGE, SHIB nằm trong nhóm 10 đồng tiền dẫn đầu vốn hóa thị trường. Với thị trường chứng khoán, VN-Index đóng cửa phiên 11/3, tại mức 1.235 điểm, tăng hơn 9,3% từ đầu năm. Thanh khoản 3 sàn duy trì đều đặn mức tỷ USD (25.000 tỷ đồng). Nếu loại trừ 2 phiên điều chỉnh gần nhất, mức tăng của VN-Index đạt tới 12%, tương đương thành quả của năm 2023. Nhà đầu tư ít nhiều có lợi nhuận khiến giao dịch trên thị trường sôi động. Cổ phiếu lớn (bluechip), đặc biệt là nhóm ngân hàng mang về thành quả khá cho nhà đầu tư. Những câu chuyện thị trường liên tục “nóng” như hệ thống KRX, nâng hạng, giải pháp, chỉ đạo quyết liệt từ Chính phủ duy trì sức hấp dẫn, mở ra kỳ vọng nối dài cho chứng khoán trong nước. Cẩn trọng FOMO Ông Huỳnh Hoàng Phương, Giám đốc Khối nghiên cứu và Phân tích, Công ty CP Tư vấn đầu tư và Quản lý tài sản FIDT, cho rằng, với các tài sản trên, tiền mã hóa đang có rủi ro cao nhất, nhà đầu tư nếu lỡ nhịp tăng vừa qua, không nên FOMO. Theo ông Phương, bước ngoặt cho tiền mã hóa bắt đầu khi Mỹ cho phép mở quỹ giao dịch hoán đổi (ETF) Bitcoin giao ngay niêm yết tại Mỹ đầu tiên. Sau khi vấn đề pháp lý được giải quyết, dòng vốn rất lớn đã chảy vào kênh đầu tư này, kéo theo dòng tiền FOMO, đẩy giá Bitcoin lên cao. Cùng với lợi nhuận, rủi ro hiện ở mức cao, và nhà đầu tư không nên rót tiền vào lớp tài sản này. Giá vàng liên tục xô đổ kỷ lục. Ảnh: Như Ý. Theo ông Phương, với những nhà đầu tư có giá trị tài sản (NAV) lớn, sự quan tâm vẫn đang tập trung vào chứng khoán, sau đó tới vàng. Chứng khoán vừa trải qua nhịp tăng mạnh, điều chỉnh xảy ra có thể là cơ hội nhà đầu tư “đứng ngoài” nhập cuộc. “Chứng khoán tăng nhờ kỳ vọng phục hồi, đà tăng có cơ sở khi nhìn vào nền kinh tế năm nay, triển vọng doanh nghiệp. Nhà đầu tư có thể quan tâm đến những nhóm ngành chưa có sóng tăng, còn nhiều cơ hội trên thị trường. Với vàng, sau đà tăng rất mạnh vừa qua, tỷ lệ phân bổ của nhà đầu tư mới lúc này chỉ nên ở mức 10% tổng tài sản, coi đây là tài sản phòng ngừa rủi ro”, ông Phương nhận định. Ngày gần đây, giá vàng và Bitcoin liên tục xô đổ kỷ lục, thiết lập mốc cao mới. USD trên thị trường tự do đã vượt mức 25.000 đồng/USD, đà tăng từ sau Tết Nguyên đán tới nay tiếp tục nối dài khiến nhà đầu tư loay hoay với việc lựa chọn kênh đầu tư trong bối cảnh chứng khoán vừa trải qua 2 phiên điều chỉnh, nhưng mức tăng từ đầu năm của VN-Index vẫn quanh mức 10%. Ông Nguyễn Thế Minh, Giám đốc phân tích, Công ty Chứng khoán Yuanta Việt Nam, cho rằng, chứng khoán sẽ là một trong những kênh đầu tư hút dòng tiền trong năm 2024. Thanh khoản các phiên giao dịch đều đặn trên khoảng 20.000 tỷ đồng. Dù thị trường có vừa điều chỉnh mạnh, nhưng ông Minh cho rằng, sau nhịp tăng dài từ đầu năm, diễn biến này không quá tiêu cực, chủ yếu do nhà đầu tư chốt lời. Dòng tiền thời gian tới có thể quan sát, luân chuyển sang các nhóm vốn hóa vừa. Nhà đầu tư “đứng ngoài” trong nhịp tăng vừa qua có thể xem xét giải ngân với tỷ trọng vừa phải. Với kênh tiết kiệm, theo các chuyên gia, lãi suất tiết kiệm thấp, dưới 5%/năm cũng là yếu tố kích thích dòng tiền tìm kiếm kênh sinh lời mang lợi nhuận cao hơn. Trong khi trái phiếu thanh khoản thấp, lo ngại rủi ro rình rập, nhiều doanh nghiệp vẫn chây ỳ việc trả lãi cho nhà đầu tư, thì cổ phiếu đang trở nên hấp dẫn hơn. Ông Minh lưu ý nhà đầu tư cẩn trọng trong việc sử dụng margin trong giai đoạn hiện nay. “Đòn bẩy chỉ nên sử dụng khi thị trường tăng tốc, bứt phá, duy trì thanh khoản cao”, ông Minh nói. Ông Hoàng Tùng (chuyên gia tài chính từ Singapore) nhận định, với việc Bitcoin phá đỉnh cũ, thị trường tiền mã hóa đang rất sôi động. Tuy nhiên, đây là thị trường rủi ro nhất thế giới, bởi biên độ dao động lớn hơn tất cả các loại tài sản khác. Việc giao dịch hay nắm giữ dài hạn các đồng tiền mã hóa đều khó. Trong giao dịch, nhà đầu tư phải có lợi thế, năng lực vượt trội trong việc dự đoán giá lên xuống, nếu không, xác suất rất cao sẽ cháy tài khoản, việc giữ được thành quả cũng không dễ dàng. “Ngoài một số đồng tiền kỹ thuật số lớn như BTC, ETH, toàn bộ các đồng tiền “rác” khác đều có đội lái, nhóm thao túng phía sau. Họ hoạt động đơn lẻ, cũng có thể hợp lực với nhau, chung thuyền với các sáng lập để tạo ra các đồng tiền đó, tạo thanh khoản. Sau mỗi mùa “sốt” giá trôi qua, 99% các đồng tiền “rác” biến mất vĩnh viễn. Vấn nạn phổ biến khác là lừa đảo , dự án ma, lùa gà...”, ông Tùng phân tích và khuyến nghị nhà đầu tư cẩn trọng với những coin “rác”. Nhiều bài học đã xảy ra với Lota, Luna, EOS, NFT, giá thăng hoa rồi rơi về vực thẳm. Triển vọng các kênh đầu tư năm 2023"
VNDirect: Đã đến lúc nhà đầu tư cần thận trọng khi mua cổ phiếu và dùng margin,12-03-2024 - 07:27 AM,"TIN MỚI Trong báo cáo chiến lược vừa công bố, Chứng khoán VNDirect đánh giá nền kinh tế Việt Nam duy trì đà phục hồi trong tháng 2 bất chấp ảnh hưởng của Tết Nguyên đán. Chỉ số quản trị mua hàng (PMI) đạt 50,4 điểm, đánh dấu tháng thứ hai liên tiếp trên ngưỡng 50 điểm. Ngoài ra, chỉ số sản xuất công nghiệp (IIP) tăng 5,7% svck trong 2 tháng đầu năm, mức tăng 2 tháng cao nhất trong giai đoạn 2022-2024. Trong khi đó, kim ngạch xuất khẩu 2 tháng đạt 59,3 tỷ USD (+19%) trong khi nhập khẩu tăng lên 54,6 tỷ USD (+18%). Điều này cho thấy sự khởi đầu tích cực của lĩnh vực sản xuất trong năm 2024, trái ngược hẳn với sự sụt giảm của hoạt động sản xuất trong quý 1 năm ngoái.Lượng khách quốc tế đến Việt Nam trong tháng 2 đạt 1,5 triệu, qua đó góp phần làm tổng doanh số bán lẻ hàng hóa và dịch vụ tiêu dùng tăng 8% trong 2 tháng đầu năm. Điểm đáng chú ý là lạm phát tăng sau khi đi ngang trong 5 tháng trước đó. CPI tháng 2 của Việt Nam đã tăng lên 3,98% so với cùng kỳ năm trước. Xét theo tháng, đây cũng là mức tăng cao nhất kể từ tháng 10/2023.Cũng theo VNDirect, nhà đầu tư không còn kỳ vọng Fed cắt giảm lãi suất vào tháng 3, theo đó dịch chuyển kỳ vọng sang tháng 6. DXY tăng cao hơn trong tháng 2 do CPI của Mỹ cao hơn dự kiến và dữ liệu kinh tế Mỹ mạnh hơn dự báo làm giảm khả năng Fed hạ lãi suất trước tháng 6. Trước dữ liệu vĩ mô trái ngược nhau, liệu số liệu một tháng có phải là yếu tố giúp xoay trục chính sách hay không là một câu hỏi hóc búa mà Fed đang phải đối mặt. Do đó, biên bản họp FOMC tháng 1 thể hiện quan chức Fed sẽ xem xét cẩn thận tín hiệu sắp bởi dữ iệu những tháng đầu năm chưa thể thể hiện toàn bộ bức tranh kinh tế.Về thị trường chứng khoán Việt Nam, P/E trượt hiện ở mức 14,1x, chiết khấu 5,6% so với trung bình P/E 5 năm. VNDirect đánh giá định giá dù tăng song vẫn đang ở mức hợp lý với kỳ vọng tăng trưởng lợi nhuận các doanh nghiệp sẽ được cải thiện trong 2024. Ngoài ra, định giá của VN-Index so với các thị trường mới nổi khác đang ở mức hợp lý khi so sánh về chỉ số P/E và ở mức rẻ hơn khi so sánh về chỉ số P/B.Với việc VN-Index chính thức vượt vùng đỉnh cũ năm 2023 xung quanh mốc 1.250, VNDirect cho rằng xu hướng tăng vẫn tương đối tích cực và chỉ số có thể tiệm cận vùng kháng cự 1.300 (+/- 20 điểm) trong tháng 3/2024.Dù vậy, VNDirect vẫn khuyến nghị nhà đầu tư cần thận trọng trong bối cảnh thị trường đã đến vùng định giá hợp lý và cần chờ kết quả kinh doanh cải thiện trong các quý tới để định giá thị trường thêm hấp dẫn. Bên cạnh đó rủi ro tỷ giá cần được theo dõi cẩn thận khi tỷ giá USD/ VNĐ liên ngân hàng đã tăng 1,6% kể từ đầu năm và hiện đang tiến gần mức cao nhất mọi thời đại là 24.867. ""Đã đến lúc nhà đầu tư cần thận trọng trong khi việc thực hiện các giao dịch mua mới hoặc sử dụng đòn bẩy cao"", VNDirect cho biết.CTCK cũng gợi ý ba chủ đề đầu tư trong tháng 3 bao gồm các lĩnh vực thép, chứng khoán và mặt hàng tiêu dùng thiết yếu. Nhìn về dài hạn trong cả năm 2024, VNDirect vẫn nghiêng về kịch bản cơ sở cho thị trường chứng khoán có thể hướng tới mục tiêu 1.350 điểm vào cuối năm. Tuy nhiên, trong kịch bản kinh tế Việt Nam tăng trưởng mạnh hơn dự kiến và kết quả kinh doanh của các doanh nghiệp niêm yết khả quan hơn, VN-Index có thể tiến về vùng trên 1.400 điểm."
"Lợi nhuận lao dốc mạnh, công ty con của Hóa chất Đức Giang vỡ kế hoạch cổ tức “khủng”",12-03-2024 - 06:00 AM,"PAT: Giá hiện tại Thay đổi Xem hồ sơ doanh nghiệp TIN MỚI CTCP Phốt Pho Apatit Việt Nam (mã PAT), công ty do Tập đoàn Hóa chất Đức Giang (mã DGC) gián tiếp sở hữu qua Đức Giang Lào Cai (mã DGL), vừa công bố tài liệu họp ĐHĐCĐ thường niên 2024 dự kiến diễn ra ngày 27/3 tới đây, với nhiều nội dung quan trọng liên quan đến kế hoạch sản xuất kinh doanh, cổ tức và nhân sự,...Theo đó, PAT dự kiến trình ĐHĐCĐ thông qua kế hoạch kinh doanh năm 2024 với mục tiêu tổng doanh thu thuần gần 1.678,5 tỷ đồng, trong đó sản lượng Phốt pho dự kiến đạt 18.000 tấn, tương ứng doanh thu 1.674 tỷ đồng. Mục tiêu lợinhuận sau thuế đạt 230 tỷ đồng, giảm gần 20% so với thực hiện năm 2023.Đáng chú ý, lợi nhuận sau thuế năm 2023 cũng đã giảm mạnh 70% so với năm 2022 trước đó. Doanh nghiệp cho biết 2023 là năm khó khăn đối với kinh doanh phốt pho, sản phẩm chính của PAT. Giá bán giảm nhanh (45%), nhu cầu cũng đi xuống khiến doanh nghiệp phải giảm công suất. Cùng với giá nguyên liệu đầu vào tăng, kết quả sản xuất kinh doanh sụt giảm rõ rệt.Với kết quả kinh doanh sụt giảm mạnh, PAT dự kiến sẽ chỉ chia thêm 10% cổ tức của năm 2023, tương ứng tỷ lệ cổ tức cho cả năm 2023 ở mức 100% (trước đó đã tạm ứng 90%). Con số này thấp hơn nhiều so với mức cổ tức 140% được ĐHĐCĐ thường niên 2023 thông qua. Năm 2024, PAT dự kiến chia cổ tức với tỷ lệ 70%.Cũng theo tài liệu họp ĐHĐCĐ thường niên 2024, cổ đông sẽ tiến hành bầu ra thành viên HĐQT và BKS nhiệm kỳ mới (2024-2029). Tuy nhiên, thành viên ban lãnh đạo dự kiến không có sự thay đổi với ông Đào Hữu Huyền tiếp tục giữ chức Chủ tịch HĐQT nhiệm kỳ mới.Trong một diễn biến liên quan khác, tài liệu ĐHĐCĐ thường niên 2024 của Hóa chất Đức Giang có tờ trình về việc nghiên cứu sáp nhập PAT vào công ty. Tuy nhiên, tài liệu của PAT không đề cập đến vấn đề này.Trên thị trường, cổ phiếu PAT đang dừng ở mức 101.700 đồng/cp, tăng gần 10% từ đầu năm 2024. Vốn hóa thị trường tương ứng đạt hơn 2.500 tỷ đồng."
Lịch sự kiện và tin vắn chứng khoán ngày 12/3,12-03-2024 - 05:00 AM,"TIN MỚI Tin doanh nghiệpTLH: Thép Tiến Lên quyết định gia hạn thời gian tổ chức ĐHĐCĐ thường niên 2024 từ sau ngày 30/04 đến trước ngày 30/06, thay vì trong tháng 3 hoặc tháng 4 như thường lệ.TCM: Năm 2024, CTCP Dệt may - Đầu tư - Thương mại Thành Công (HOSE: TCM) đặt mục tiêu lãi ròng tăng 20% so với năm trước lên 161 tỷ đồng, trên cơ sở thị trường dệt may dần ấm lại.VCI: Chứng khoán Vietcap đặt mục tiêu doanh thu năm 2024 ở mức 2.511 tỷ đồng và lãi trước thuế 700 tỷ đồng. Hai chỉ tiêu này lần lượt tăng 2% và 23% so với thực hiện năm 2023.ABT: Ngày 19/3 là ngày giao dịch không hưởng quyền nhận tạm ứng cổ tức đợt 2 năm 2023 của CTCP Xuất nhập khẩu Thủy sản Bến Tre (ABT – HOSE), ngày đăng ký cuối cùng là 20/3. Theo đó, cổ tức sẽ được trả bằng tiền mặt theo tỷ lệ 20%, thanh toán bắt đầu từ ngày 19/4/2024.Giao dịch cổ đôngSMC: Bà Nguyễn Ngọc Ý Nhi, Phó chủ tịch HĐQT CTCP Đầu tư Thương mại SMC (SMC – HOSE) đăng ký mua 10 triệu cổ phiếu SMC từ ngày 15/3 đến 13/4 theo phương thức thỏa thuận và khớp lệnh. Dự kiến giao dịch thành công, bà Nhi sẽ nâng sở hữu tại SMC lên hơn 10,77 triệu cổ phiếu, tỷ lệ 14,63%.SKG: Bà Hà Nguyệt Nhi, Thành viên HĐQT CTCP Tàu cao tốc Superdong – Kiên Giang (SKG – HOSE) đăng ký bán 270.000 cổ phiếu SKG từ ngày 13/3 đến 11/4 theo phương thức thỏa thuận và khớp lệnh. Dự kiến giao dịch thành công, bà Nhi sẽ giảm sở hữu tại SKG xuống còn hơn 4,51 triệu cổ phiếu, tỷ lệ 7,12%.FTS: Bà Nguyễn Thị Thu Hương, Kế toán trưởng CTCP Chứng khoán FPT (FTS – HOSE) đăng ký bán hơn 217.000 cổ phiếu FTS từ ngày 15/3 đến 12/4 theo phương thức thỏa thuận và khớp lệnh. Dự kiến giao dịch thành công, bà Hương sẽ giảm sở hữu tại FTS xuống còn hơn 109.000 cổ phiếu, tỷ lệ 0,05%.SRF: Ông Lê Tấn Phước, Chủ tịch HĐQT CTCP Searafico (SRF – HOSE) đăng ký mua 500.000 cổ phiếu SRF từ ngày 15/3 đến 13/4 theo phương thức thỏa thuận và khớp lệnh. Dự kiến giao dịch thành công, ông Phước sẽ nâng sở hữu tại SRF lên hơn 1,44 triệu cổ phiếu, tỷ lệ 4,06%.PJC: Ngày 19/3 là ngày giao dịch không hưởng quyền nhận tạm ứng cổ tức năm 2023 của CTCP Thương mại và Vận tải Petrolimex Hà Nội (PJC – HNX), ngày đăng ký cuối cùng là 20/3. Theo đó, cổ tức sẽ được trả bằng tiền mặt theo tỷ lệ 15%, thanh toán bắt đầu từ ngày 01/4/2024.TNG: Ông Nguyễn Mạnh Linh, Ủy viên HĐQT CTCP Đầu tư và Thương mại TNG (TNG – HNX) đăng ký bán 1,18 triệu cổ phiếu TNG từ ngày 13/3 đến 10/4 theo phương thức thỏa thuận và khớp lệnh. Hiện tại, ông Linh đang nắm giữ hơn 1,51 triệu cổ phiếu TNG, tỷ lệ 1,34%.PPE: Ông Hoàng Việt, Chủ tịch HĐQT CTCP Tư vấn đầu tư PP Enterprises (PPE – HNX) đăng ký mua hơn 196.000 cổ phiếu PPE từ ngày 13/3 đến 11/4 theo phương thức thỏa thuận và khớp lệnh. Hiện tại, ông Việt đang nắm giữ hơn 203.000 cổ phiếu PPE, tỷ lệ 10,19%."
"Góc nhìn CTCK: Tiếp tục quán tính giảm, VN-Index có thể kiểm định hỗ trợ quanh 1.225 điểm",11-03-2024 - 18:52 PM,"TIN MỚI Tưởng chừng sau một phiên giảm mạnh, thị trường chứng khoán bước vào phiên giao dịch đầu tuần (11/3) tương đối khả quan với sắc xanh chiếm ưu thế trên nhiều nhóm ngành. Tuy nhiên, lực cầu không muốn trả giá cao khiến thị trường khó tăng mạnh. Giao dịch giằng co diễn ra trong phần lớn thời gian trước khi áp lực bán gia tăng mạnh về cuối phiên.VN-Index đóng cửa giảm 11,86 điểm (-0,95%) xuống 1.235,49 điểm với thanh khoản cao. Giá trị khớp lệnh trên HoSE đạt trên 22.500 tỷ đồng. Khối ngoại giao dịch khá tích cực khi mua ròng 69 tỷ đồng trên toàn thị trường, trong đó giá trị mua ròng tính riêng trên HoSE lên đến gần 249 tỷ đồng.Nhận định về thị trường trong những phiên tới, các CTCK đa phần đưa ra những nhận định thận trọng:Tiếp tục quán tính giảmChứng khoán TPS: Sau nhịp điều chỉnh trong phiên hôm nay, VN-Index đã phá vỡ ngưỡng hỗ trợ tại 1.240 - 1.250 điểm và rơi xuống vùng 1.235 điểm. Theo đó, trong phiên ngày mai, chỉ số có thể tiếp tục có quán tính giảm để kiểm định tại vùng 1.230 điểm. Lực mua kỳ vọng gia tăng tại vùng giá thấp để cân bằng lại áp lực bán và VN-Index có thể hồi phục quanh vùng 1.245 điểm. Ở kịch bản tiêu cực nếu mốc 1.235 điểm bị phá vỡ, VN-Index có thể sẽ lui về vùng 1.220 - 1.225 điểm.Không loại trừ khả năng tiếp tục suy yếuChứng khoán BSC: Tâm lý thận trọng bao trùm thị trường trong phiên sáng 11/3 khi VN-Index giằng co trên mức tham chiếu. Sang đến phiên chiều, áp lực bán xuất hiện khiến chỉ số giảm sâu khi thị trường đón nhận thông tin NHNN phát hành tín phiếu. Đà giảm của thị trường chung không lớn và chỉ số có thể bật lại sau khi chạm SMA20. Tuy nhiên, BSC không loại trừ khả năng thị trường tiếp tục suy yếu để tạo vùng đáy ngắn hạn tại 1.210 - 1.220 điểm trong vài phiên tới.Có thể tiếp tục đà giảmChứng khoán Yuanta: VN-Index có thể sẽ tiếp tục đà giảm và kiểm định lại vùng hỗ trợ 1.225 - 1.230 điểm, nhưng thị trường có thể đóng cửa tăng điểm trong phiên kế tiếp. Đồng thời, thị trường đang trong giai đoạn tích lũy ngắn hạn cho nên Yuanta đánh giá các nhóm cổ phiếu sẽ có diễn biến phân hóa trong những phiên giao dịch tới, đặc biệt chúng tôi đánh giá tích cực ở nhóm cổ phiếu Midcaps.Động lực tăng của thị trường đang suy yếuChứng khoán SHS: Xét dưới góc nhìn ngắn hạn, động lực tăng của thị trường đang suy yếu và phiên điều chỉnh hôm nay làm tăng khả năng kết thúc xu hướng tăng ngắn hạn của VN-Index. SHS cho rằng tín hiệu VN-Index bước vào giai đoạn giảm ngắn hạn đang rõ nét dần và không đánh giá cao khả năng chỉ số hình thành uptrend mạnh mẽ mặc dù có thể có các phiên phục hồi thời gian tới.Xu hướng giảm vẫn duy trìChứng khoán SSI: Đà giảm của VN-Index tiếp tục sau nhịp đảo chiều vào phiên trước. Các chỉ báo kỹ thuật RSI và ADX vận động điều chỉnh hướng về vùng trung tính, cho thấy xu hướng giảm duy trì. Dù vậy, kỳ vọng chỉ số có thể phản ứng tích cực tại vùng hỗ trợ ngắn hạn 1.224 - 1.225 điểm."
Một cổ phiếu bất động sản được tự doanh CTCK gom mạnh trong phiên đầu tuần,11-03-2024 - 17:51 PM,"TIN MỚI Sau phiên giảm mạnh cuối tuần trước, thị trường chứng khoán Việt Nam mở đầu tuần mới có thêm phiên giao dịch không mấy khởi sắc. Thị trường ghi nhận nhiều rung lắc, áp lực bán mạnh dần về cuối ngày khiến VN-Index quay đầu giảm sâu, đóng cửa phiên 11/3 giảm 11,86 điểm xuống 1.235,49 điểm. Giao dịch khối ngoại là điểm cộng khi mua ròng 69 tỷ đồng trên toàn thị trường.Trong bối cảnh đó, tự doanh CTCK tiếp tục mua ròng với giá trị 328 tỷ đồng trên toàn thị trường.Trên sàn HoSE, tự doanh CTCK ghi nhận mua ròng 293 tỷ đồng, trong đó mua ròng 223 tỷ đồng trên kênh khớp lệnh và mua ròng thêm 70 tỷ tại kênh thoả thuận.Cụ thể, nhóm CTCK mua ròng mạnh nhất tại cổ phiếu VPI với 54 tỷ, theo sau là cổ phiếu STB và HPG khi được mua ròng lần lượt 38 tỷ và 27 tỷ. Bên cạnh đó, FPT cũng được mua ròng gần 24 tỷ.Ngược lại, giao dịch của các CTCK bán ròng mạnh nhất tại cổ phiếu FRT với 15 tỷ đồng, theo sau FUEVFVND và VCI cũng bị bán ròng lần lượt 15 tỷ và 2 tỷ đồng. Các cổ phiếu bị bán ròng trong phiên hôm nay còn có loạt mã như E1VFVN30, PHR, HCM, FTS, VHM…Trên HNX, tự doanh CTCK mua ròng gần 18 tỷ đồng với giao dịch duy nhất mua cổ phiếu PVS.Trên UPCoM, tự doanh CTCK mua ròng gần 17 tỷ đồng với tâm điểm tại QNS khi được mua ròng hơn 14 tỷ, ACV cũng được mua ròng gần 3 tỷ đồng."
"Vinaconex ITC kinh doanh thua lỗ, tổng nợ vay lên tới 1.831,6 tỷ đồng, tiếp tục bị Công ty mẹ rút thêm 2.200 tỷ đồng",11-03-2024 - 17:00 PM,"VCR: Giá hiện tại Thay đổi Xem hồ sơ doanh nghiệp TIN MỚI Trong đó, tài sản đảm bảo là các tài sản thuộc sở hữu hợp pháp của Công ty Vinaconex ITC nhằm đảm bảo các nghĩa vụ của khoản vay tại Ngân hàng VPBank. Được biết, tại thời điểm 31/12/2023, tổng nợ vay ngắn hạn và dài hạn của Công ty Vinaconex ITC giảm 20% so với đầu năm, tương ứng giảm 457,9 tỷ đồng, về 1.831,6 tỷ đồng và bằng 114,1% vốn chủ sở hữu. Trong đó, nợ vay ngắn hạn là 457,9 tỷ đồng và nợ vay dài hạn lên tới 1.373,7 tỷ đồng. Vinaconnex ITC trả lại 2.200 tỷ đồng cho Vinaconex sau hơn 2 năm hợp tác Trước đó, cuối năm 2023, Hội đồng quản trị Công ty Vinaconex ITC bất ngờ thông qua việc chấm dứt và thanh lý hợp tác đầu tư giữa Công ty với Tổng CTCP Vinaconex (mã VCG – sàn HoSE) về việc hợp tác đầu tư phân khu CT02 và Hạ tầng kết nối phân khu CT02 của Dự án Khu đô thị Du lịch Cái Giá, Cát Bà tại thị trấn Cát Bà, xã Trân Châu, huyện Cát Hải, TP. Hải Phòng (một phân khu nằm trong dự án có tên thương mại Cát Bà Amatina). Đối với Công ty Vinaconex ITC, đơn vị này được nhận lại toàn bộ các tài sản đã thế chấp cho tổ chức tín dụng phát sinh từ thoả thuận tại hợp đồng hợp tác đầu tư. Ngược lại, Công ty Vinaconex ITC có nghĩa vụ hoàn trả cho Công ty Vinaconex khoản vốn góp là 2.200 tỷ đồng đã nhận vốn góp từ công ty Vinaconex trong thời gian 90 ngày kể từ ngày 30/9/2023. Được biết, tính tới 30/6/2023, Công ty Vinaconex ITC đang ghi nhận phải trả dài hạn khác 2.200 tỷ đồng, chiếm 33,4% tổng nguồn vốn. Trong đó, thuyết minh trong báo cáo tài chính cho biết đây là khoản mục phải trả dài hạn khác của bên liên quan là Công ty Vinaconex với giá 2.200 tỷ đồng. Theo hợp đồng hợp tác đầu tư ngày 10/6/2021, Công ty Vinaconex ITC và Công ty Vinaconex cùng hợp tác đầu tư phân khu CT02 và hạ tầng kết nối phân khu CT02 của Dự án Khu đô thị du lịch Cái Giá – Cát Bà tại thị trấn Cát Bà, xã Trân Châu, huyện Cát Hải, TP. Hải Phòng. Theo kế hoạch, phân CT02 và hạ tầng kết nối phân khu CT02 được thực hiện dự kiến trong 8 năm. Trong đó, Công ty Vinaconex góp 2.200 tỷ đồng bằng tiền mặt, được hưởng 50% lợi nhuận từ phân khu CT02, đồng thời Công ty Vinaconex ITC đảm bảo lợi nhuận phân chia cho Công ty Vinaconex trong thời gian hợp tác đầu tư không thấp hơn 15%/năm trên số dư thực tế mức góp vốn đầu tư của Công ty Vinaconex theo từng thời điểm và phân khu CT02. Điểm đáng lưu ý, mặc dù thông báo ngừng hợp tác tại đầu tư phân khu CT02 và Hạ tầng kết nối phân khu CT02 của Dự án Khu đô thị Du lịch Cái Giá. Tuy nhiên, tại thời điểm 30/6/2023, Công ty Vinaconex vẫn đang là cổ đông lớn nhất, sở hữu 51% vốn điều lệ tại Công ty Vinaconex ITC. Hiện Công ty Vinaconex ITC đang đầu tư dự án Cát Bà Amatina, dự án nằm ở Đảo Cát Bà, huyện Cát Hải, TP. Hải Phòng với quy mô 172,38 ha và được khởi công giai đoạn cuối tháng 11/2020. Tổng vốn đầu tư dự kiến 10.941 tỷ đồng với mục tiêu trở thành dự án đô thị du lịch nghỉ dưỡng đẳng cấp, hiện đại bậc nhất Việt Nam. Tuy nhiên, tới 31/12/2023, Công ty Vinaconex ITC đang ghi nhận phải trả dài hạn đối với Công ty Vinaconex giảm từ 2.200 tỷ đồng, về 0 đồng. Như vậy, sau khi thông qua kế hoạch chấm dứt và thanh lý hợp tác đầu tư giữa Công ty với Công ty Vinaconex về việc hợp tác đầu tư phân khu CT02 và Hạ tầng kết nối phân khu CT02 của Dự án Khu đô thị Du lịch Cái Giá, Cát Bà tại thị trấn Cát Bà, xã Trân Châu, huyện Cát Hải, TP. Hải Phòng, Công ty Vinaconex ITC đã trả lại 2.200 tỷ đồng cho Công ty mẹ. Vinaconex ITC lỗ thêm 286,73 tỷ đồng trong năm 2023, nâng lỗ luỹ kế lên 517,98 tỷ đồng Xét về hoạt động kinh doanh, trong quý IV/2023, Công ty Vinaconex ITC ghi nhận doanh thu đạt 9,39 tỷ đồng, giảm 92% so với cùng kỳ, lợi nhuận sau thuế ghi nhận lỗ 4,9 tỷ đồng so với cùng kỳ lãi 10,2 tỷ đồng, tức giảm 15,1 tỷ đồng. Trong đó, biên lợi nhuận gộp giảm từ 16,3%, về 13,6%. Luỹ kế trong năm 2023, Công ty Vinaconex ITC ghi nhận doanh thu đạt 33,22 tỷ đồng, giảm 82,2% so với cùng kỳ, lợi nhuận sau thuế ghi nhận lỗ 286,73 tỷ đồng so với cùng kỳ lãi 5,41 tỷ đồng, tức giảm 292,14 tỷ đồng. Thực tế, việc ghi nhận lỗ kỷ lục trong năm 2023 chủ yếu do Công ty Vinaconex ITC ghi nhận chi phí tài chính đột biến là 277,1 tỷ đồng (cùng kỳ chỉ ghi nhận 0,69 tỷ đồng). Trong đó, Công ty thuyết minh chi phí tài chính tăng đột biến năm 2023 do ghi nhận 277,1 tỷ đồng chi phí tài chính khác (không thuyết minh chi tiết). Được biết, trong năm 2023, Công ty Vinaconex ITC đặt kế hoạch tổng doanh thu 129,83 tỷ đồng và lợi nhuận sau thuế 19,25 tỷ đồng. Như vậy, kết thúc năm 2023, với việc ghi nhận lỗ 286,73 tỷ đồng, Công ty Vinaconex đã không hoàn thành và cách rất xa kế hoạch lãi 19,25 tỷ đồng mà Đại hội đồng cổ đông giao cho Ban điều hành. Thêm nữa, với việc lỗ kỷ lục trong năm 2023, tính tới 31/12/2023, tổng lỗ luỹ kế của Công ty Vinaconex ITC đã lên tới 517,98 tỷ đồng, bằng 24,7% vốn điều lệ (vốn điều lệ cuối năm là 2.100 tỷ đồng)."
Chứng khoán tiếp đà giảm mạnh,11-03-2024 - 16:33 PM,"TIN MỚI Dù mở cửa phiên sáng duy trì sắc xanh, VN-Index hồi phục nhẹ, nhưng thị trường vẫn trong trạng thái “xanh vỏ đỏ lòng”. Bên bán chiếm ưu thế, thanh khoản giảm mạnh, đà tăng của VN-Index không thể duy trì, Qua giờ nghỉ trưa, áp lực bán mạnh hơn, chỉ số chính bắt đầu “rơi” mạnh. Nhà đầu tư giải ngân trong phiên cuối tuần trước lại rơi vào tình cảnh ""bắt đáy"" hụt, khi nhiều cổ phiếu có mức chiết khấu mạnh hơn vào hôm nay. Trên HoSE, 392 cổ phiếu giảm giá, nhóm vốn hóa lớn dẫn đầu đà giảm. VCB khiến chỉ số chính mất gần 1,5 điểm, GAS, VPB, BID, MBB, HPG, BCM, TCB... gây thêm áp lực. Những cổ phiếu từng đóng góp tích cực nhất và đà tăng vừa qua, thì nay khiến VN-Index giảm mạnh nhất. Nhóm ngân hàng ngập trong sắc đỏ, HoSE chỉ có EIB, HDB tăng nhẹ. Còn lại, cổ phiếu đồng loạt giảm giá, ngay cả tân binh NAB cũng quay đầu giảm 2,4% sau phiên tăng nhẹ ngày chào sàn cuối tuần trước. Những cổ phiếu từng đóng góp tích cực nhất và đà tăng vừa qua, thì nay khiến VN-Index giảm mạnh nhất. Nhóm ngân hàng, bất động sản, xây dựng , chứng khoán... ngập trong sắc đỏ. Những mã thanh khoản cao đều ghi nhận lực bán áp đảo, cổ phiếu giảm giá, như HPG, SSI, MBB, VND, VIX, MWG... Trên thị trường, vấn đề tỷ giá tăng khiến giới đầu tư, không khỏi lo ngại, và hôm nay, Ngân hàng Nhà nước đã có động thái điều hành đáng chú ý, chào bán tín phiếu. Tín phiếu có kỳ hạn 28 ngày và được chào bán theo phương thức đấu thầu lãi suất, xét thầu đơn giá. Kết quả chào thầu tín phiếu chưa được công bố. Trong khi thị trường gặp khó, một số cổ phiếu riêng lẻ vẫn ghi nhận diễn biến đáng chú ý. CTR tăng trần, đạt đỉnh lịch sử với giá 112.500 đồng/cổ phiếu. Thị giá CTR tăng 25% kể từ đầu năm và tăng gấp đôi so với 1 năm trước. Các cổ phiếu “họ” Viettel như VGI, VTK cùng tích cực. Ngày 11/3, cổ phiếu VTP của Viettel Post sẽ chào sàn HoSE với mức giá tham chiếu 65.400 đồng/đơn vị. Nhóm nông nghiệp giao dịch tích cực hơn thị trường chung, DBC tăng 4,1%, cổ phiếu thủy sản như IDI, ANV, CMX, MPC đồng loạt tăng giá. Kết thúc phiên giao dịch, VN-Index giảm 11,86 điểm (0,95%) xuống 1.235,49 điểm. HNX-Index giảm 2,48 điểm (1,05%) xuống 233,84 điểm. UPCoM-Index giảm 0,57 điểm (0,62%) xuống 90,66 điểm. Thanh khoản giảm đáng kể, khi giá trị khớp lệnh HoSE chỉ còn 22.546 tỷ đồng. Khối ngoại mua ròng trở lại với giá trị 68 tỷ đồng, tập trung vào FRT, EIB, FTS, HPG..."
"'Ông trùm xăng dầu' Petrolimex đón cùng lúc thiên thời lẫn địa lợi, sẽ đại thắng năm 2024?",11-03-2024 - 16:27 PM,"PLX: Giá hiện tại Thay đổi Xem hồ sơ doanh nghiệp TIN MỚI Bộ phận nghiên cứu của Công ty chứng khoán SSI (SSI Research) vừa có báo cáo cập nhật hoạt động kinh doanh của Tập đoàn Xăng dầu Việt Nam (Petrolimex). SSI Research kỳ vọng Petrolimex sẽ có cơ hội giành thêm thị phần, nhờ việc kiểm soát chặt chẽ hơn hoạt động của các nhà phân phối xăng dầu.﻿ Thứ nhất, Hải Hà Petro và Xuyên Việt Oil là những nhà phân phối xăng dầu lớn với tổng doanh thu khoảng 40.000 tỷ đồng trong năm 2022 đã bị thu hồi giấy phép và dừng việc thông quan xăng dầu do không đủ điều kiện làm thương nhân đầu mối xăng dầu và có các vi phạm liên quan đến nợ thuế, hay sử dụng sai quỹ bình ổn giá xăng dầu.﻿ Thứ hai, Petrolimex cũng có thể được hưởng lợi từ việc Chính phủ yêu cầu các đại lý bán lẻ phát hành hóa đơn điện tử cho từng giao dịch nhằm tăng cường tính minh bạch trong ngành xăng dầu Việt Nam. Hiện tại theo ước tính mới chỉ có khoảng 36% trong số 17.000 đơn vị bán lẻ trong nước phát hành hóa đơn điện tử vào đầu tháng 2. Các cửa hàng xăng dầu không phát hành hóa đơn điện tử có thể đối mặt với nguy cơ bị thu hồi giấy phép hoạt động. Trong khi đó, Petrolimex là đơn vị tiên phong phát hành hóa đơn điện tử và đã triển khai hệ thống này tại 2.700 điểm bán lẻ của doanh nghiệp từ giữa năm 2023. Do đó, quy định mới có thể giúp Petrolimex giành được thị phần trong thời gian tới. SSI Research duy trì dự báo lợi nhuận trước thuế năm 2024 của Petrolimex đạt 4.400 tỷ đồng, tương đương mức tăng trưởng 12% so với cùng kỳ. SSI Research giả định sản lượng tiêu thụ xăng dầu sẽ tăng 4,1% đạt 10,8 triệu m3/tấn, trong đó sản lượng bán lẻ có thể tăng 4,5% so với cùng kỳ đạt 7,3 triệu m3. Công ty duy trì kế hoạch mở khoảng 60-80 trạm bán lẻ xăng dầu mới vào năm 2024, tương đương khoảng 2-3% số lượng cửa hàng hiện tại. Lợi nhuận trước thuế trong Q1/2024 có thể tăng hơn 15% so với cùng kỳ nhờ giá dầu phục hồi trong vòng 2 tháng qua.﻿ Trước đó, trong năm 2023 Petrolimex đạt doanh thu thuần 274 nghìn tỷ đồng và lợi nhuận sau thuế 3.052 tỷ đồng. Doanh thu giảm gần 10% nhưng lợi nhuận lại tăng 60%. Petrolimex cho biết, năm qua thị trường cạnh tranh ngày càng quyết liệt, đặc biệt là kênh bán hàng qua trung gian. Trong khi đó, tình trạng vi phạm thương hiệu, hàng không rõ nguồn gốc, kém chất lượng dẫn đến hoạt động cạnh tranh không lành mạnh."
KSB bị phạt 130 triệu đồng do vi phạm công bố thông tin,11-03-2024 - 16:26 PM,"KSB: Giá hiện tại Thay đổi Xem hồ sơ doanh nghiệp TIN MỚI Ủy ban Chứng khoán Nhà nước (UBCKNN) vừa ban hành Quyết định số 86/QĐ-XPHC về việc xử phạt vi phạm hành chính trong lĩnh vực chứng khoán và thị trường chứng khoán đối với Công ty cổ phần Khoáng sản và Xây dựng Bình Dương (Mã KSB: HOSE) có địa chỉ trụ sở chính: Đại lộ Bình Dương, khu phố Hòa Lân 1, phường Thuận Giao, thành phố Thuận An, tỉnh Bình Dương. Cụ thể, KSB bị phạt tiền 65 triệu đồng do công bố thông tin không đúng thời hạn theo quy định pháp luật đối với các tài liệu: Báo cáo tình hình sử dụng nguồn vốn từ phát hành trái phiếu bán niên năm 2022; Báo cáo tình hình thanh toán lãi, gốc bán niên năm 2022; Báo cáo tình hình thực hiện các cam kết của doanh nghiệp phát hành đối với người sở hữu trái phiếu năm 2022. Bên cạnh đó, KSB cũng bị xử phạt 65 triệu đồng do công bố thông tin không đầy đủ nội dung theo quy định pháp luật liên quan đến các nội dung công bố thông tin gồm: Báo cáo tình hình quản trị Công ty năm 2021, 06 tháng đầu năm 2022, năm 2022 không đầy đủ nội dung theo quy định pháp luật: mục VIII.1 Danh sách người nội bộ và người có liên quan của người nội bộ chưa nêu đầy đủ các thông tin về người có liên quan (ông Tôn Thất Diên Khoa còn là thành viên Hội đồng quản trị Công ty cổ phần Nông nghiệp Hùng Hậu và thành viên Ban kiểm soát Tổng Công ty cổ phần Bảo hiểm Bảo Long); Thiếu các thông tin về các giao dịch giữa Công ty cổ phần Khoáng sản và Xây dựng Bình Dương với người có liên quan của Công ty cổ phần Khoáng sản và Xây dựng Bình Dương trong năm 2021, năm 2022, cụ thể: góp vốn, điều chuyển vốn, cho thuê lại đất và cơ sở hạ tầng, bán hàng với các công ty con (Công ty Trách nhiệm hữu hạn Đầu tư KSB, Công ty Trách nhiệm hữu hạn Một thành viên Phát triển Công nghiệp KSB, Công ty Trách nhiệm hữu hạn Cao Minh Long KSB, Hợp tác xã Dịch vụ Vận tải Khai khoáng Thăng Long) (các giao dịch nêu trên đã được ghi nhận trên Báo cáo tài chính kiểm toán năm 2021, 2022). Tổng số tiền KSB bị phạt đối với 02 hành vi vi phạm trên là 130 triệu đồng. Trên thị trường, kết phiên giao dịch ngày 11/3, cổ phiếu KSB có thị giá 25.000 đồng/CP. Trong khoảng 1 năm qua, thị giá của KSB liên tục biến động từ mức khoảng 20.000 đồng/CP hồi tháng 5/2023 lên mức đỉnh khoảng 28.000 đồng/CP vào tháng 9/2023. Sau đó, KSB đã liên tục lao dốc xuống mức giá khoảng 18.000 đồng/CP vào tháng 11/2023 trước khi phục hồi dần về mức giá như hiện tại. Nguồn: Fireant Về kết quả kinh doanh, quý IV/2023, KSB ghi nhận lãi ròng thấp kỷ lục khi chỉ đạt gần 2 tỷ đồng so với mức khoảng 20 tỷ quý trước đó dù doanh thu tăng đáng kể lên 138 tỷ đồng so với mức 117 tỷ đồng của quý trước."
"Phiên 11/3: Khối ngoại mua ròng gần 250 tỷ đồng trên HOSE, tâm điểm FRT",11-03-2024 - 15:14 PM,"TIN MỚI Nỗ lực kéo trụ giúp VN-Index duy trì sắc xanh trong gần như cả phiên sáng trước khi đảo chiều giảm mạnh sau 14h. Chỉ số khép lại phiên 11/3 với mức giảm mạnh 11,86 điểm (tương đương 0,95%) xuống 1.235 điểm. Dòng tiền tiếp tục duy trì mức cao với thanh khoản khớp lệnh trên HOSE vượt 22.500 tỷ đồng.Về giao dịch khối ngoại, họ đã mua ròng 69 tỷ đồng trên toàn thị trường.Trên HOSE, khối ngoại mua ròng với giá trị xấp xỉ 249 tỷ đồng.Tại chiều mua, tâm điểm mua ròng là cổ phiếu FRT với giá trị 97 tỷ đồng. Khối ngoại cũng gom mạnh EIB với giá trị 66 tỷ đồng trong phiên cổ phiếu này tăng kịch trần. Bên cạnh đó, FTS và HPG là hai cổ phiếu chứng khoán được mua ròng lần lượt 63 và 62 tỷ đồng trên HOSE.Ngược lại, MSN chịu áp lực bán mạnh nhất của khối ngoại với giá trị 92 tỷ đồng, KBC, VPB là hai cổ phiếu tiếp theo bị bán 64 và 49 tỷ đồng tỷ đồng mỗi mã.Trên HNX, khối ngoại bán ròng 152 tỷ đồngTại chiều mua, IDC được mua ròng mạnh nhất với giá trị 14 tỷ đồng. Bên cạnh đó, SHS xếp tiếp theo trong danh sách mua ròng mạnh trên HNX với 6,5 tỷ đồng. Ngoài ra, khối ngoại cũng mua ròng IVS, VFS, BVS với giá trị không quá lớn.Ngược lại, PVS là mã chịu áp lực bán ròng của khối ngoại với giá trị 98 tỷ đồng; theo sau CEO bị bán khoảng 25 tỷ đồng.Trên UPCOM, khối ngoại bán ròng 28 tỷ đồngChiều mua, cổ phiếu MCH được khối ngoại mua 4 tỷ đồng. Theo sau, VGT và DDV cũng được mua ròng mỗi mã vài tỷ đồng.Ngược chiều, QNS hôm nay bị khối ngoại bán ròng khoảng 20 tỷ đồng; ngoài ra họ cũng bán ròng tại VEA, VTK, LTG,..."
"""Ông trùm"" ôm đất KCN lên kế hoạch lãi hơn 4.100 tỷ trong năm 2024, dốc hầu bao 1.200 tỷ trả cổ tức và bán vốn 4 công ty trên sàn chứng khoán",11-03-2024 - 15:08 PM,"GVR: Giá hiện tại Thay đổi Xem hồ sơ doanh nghiệp TIN MỚI Trong thông báo mới nhất, Tập đoàn Công nghiệp Cao su Việt Nam - Công ty cổ phần (mã GVR) cho biết sẽ tổ chức họp Đại hội đồng cổ đông bất thường năm 2024 vào ngày 29/3 tới đây. Công ty cũng đã công bố tài liệu cuộc họp.Cụ thể, GVR sẽ trình cổ đông thông qua các nội dung như kế hoạch sản xuất kinh doanh và đầu tư phát triển; kế hoạch phân phối lợi nhuận năm 2024; đề án cơ cấu lại Tập đoàn đến hết năm 2025; kế hoạch sản xuất kinh doanh và đầu tư phát triển đến hết năm 2025; chiến lược phát triển đến năm 2030 và tầm nhìn đến năm 2035…Kế hoạch 2024 ""đi ngang"", chi 1.200 tỷ trả cổ tứcBước sang năm 2024, GVR đặt kế hoạch hợp nhất với doanh thu xấp xỉ 25.000 tỷ đồng, tăng nhẹ 1% so với thực hiện 2023. Lợi nhuận trước thuế mục tiêu đạt 4.101 tỷ đồng, tương đương năm trước. Lợi nhuận sau thuế tăng 2% lên 3.437 tỷ đồngVề kế hoạch cho công ty mẹ, doanh thu và thu nhập khác mục tiêu đạt 3.988 tỷ, lợi nhuận sau thuế 1.454 tỷ, tăng khoảng 1% so với năm trước.Đáng chú ý, GVR lên kế hoạch sử dụng hơn 1.100 tỷ cho đầu tư xây dựng cơ bản trong năm 2024, gấp 77 lần con số năm 2023 (13 tỷ), đồng thời trích thêm 145 tỷ cho đầu tư tài chính dài hạn.Về kế hoạch phân phối lợi nhuận công ty mẹ, GVR dự kiến ""dốc hầu bao"" chi trả cổ tức 3% , tương ứng chi ra khoảng 1.200 tỷ đồng, còn lại 254 tỷ dùng để trích lập các quỹ theo quy định.GVR lên kế hoạch đi ngang trong bối cảnh doanh nghiệp trải qua năm 2023 tương đối khó khăn khi xuất khẩu cao su sụt giảm. Doanh nghiệp thậm chí phải điều chỉnh giảm kế hoạch kinh doanh hợp nhất năm 2023 khi chỉ còn hơn 1 tuần nữa là kết thúc năm tài chính với lý do ""thực hiện trên nguyên tắc phải hoàn thành kế hoạch sản xuất kinh doanh công ty mẹ"".Theo đó lũy kế cả năm 2023, doanh thu thuần của GVR đạt 22.080 tỷ đồng và lợi nhuận sau thuế đạt 3.370 tỷ đồng, lần lượt giảm 13% và 30% so với năm 2022. Lãi sau thuế của cổ đông công ty mẹ 2.585 tỷ đồng, giảm 33%.Lợi nhuận mục tiêu vượt 5.000 tỷ trong năm 2025Tập đoàn Công nghiệp Cao su Việt Nam thành lập năm 2006, hoạt động trên 4 lĩnh vực chính (1) Sản xuất và kinh doanh mủ cao su, 2) Sản xuất và kinh doanh sản phẩm từ cao su như lốp xe, (3) Hoạt động chế biến gỗ, (4) Lĩnh vực phát triển khu công nghiệp. GVR đang quản lý gần gần 400 nghìn hecta đất trồng cây cao su cả trong và ngoài nước. Trong thời gian gần đây, GVR đang trong quá trình tái cấu trúc và hướng trọng tâm phát triển vào mảng kinh doanh khu công nghiệp nhờ vào quỹ đất dồi dào tập đoàn nắm giữ. Theo đề án tái cơ cấu đến năm 2025, GVR đặt mục tiêu tổng doanh thu hợp nhất toàn tập đoàn vào năm 2025 là 28.575 tỷ đồng, tăng trưởng bình quân hàng năm đạt khoảng 5%. Lợi nhuận trước thuế hợp nhất đạt mức 5.051 tỷ đồng.Luỹ kế giai đoạn 2021 – 2025, tổng doanh thu hợp nhất ước đạt 135.000 tỷ đồng và tổng lợi nhuận trước thuế hợp nhất giai đoạn ước đạt 25.075 tỷ đồng.GVR định hướng trồng, chăm sóc, khai thác và kinh doanh các sản phẩm từ cây cao su với diện tích 360-370 ngàn ha (trong nước 245-255 ngàn ha, nước ngoài 115 ngàn ha), sản lượng mủ cao su khai thác khoảng 400 ngàn tấn, sản lượng tiêu thụ khoảng 500 ngàn tấn (bao gồm cao su gia công, thu mua), sản lượng gỗ cao su nguyên liệu khoảng 1.5 triệu m3 gỗ.GVR cũng đầu tư, mở rộng, cải tạo nâng công suất các nhà máy chế biến gỗ với sản lượng khoảng 1,5 triệu m3 các loại. Tiếp tục phát triển thương hiệu vỏ xe; khai thác có hiệu quả các khu công nghiệp, cụm công nghiệp trên đất cao su chuyển đổi; đẩy mạnh đầu tư mở rộng, đầu tư mới các khu công nghiệp, cụm công nghiệp. Phấn đấu phát triển khoảng 10 ngàn ha các loại cây trồng có đủ điều kiện ứng dụng các giải pháp công nghệ cao và có hiệu quả.Trong giai đoạn 2026 – 2030, GVR dự kiến sẽ nâng tỷ trọng doanh thu hoạt động SXKD chính lên 95% vào năm 2030; tỷ trọng cơ cấu lợi nhuận các hoạt động SXKD chính chiếm khoảng 70-80%. Tốc độ tăng trưởng bình quân đạt khoảng 5% đến 6 %/nămTầm nhìn tới năm 2035, GVR sẽ duy trì vị trí hàng đầu Việt Nam trong lĩnh vực lĩnh vực trồng, chế biến, kinh doanh cao su; chế biến gỗ nhân tạo; sản phẩm công nghiệp cao su; đầu tư kinh doanh các khu công nghiệp; nông nghiệp công nghệ cao; sở hữu được những vùng trồng rừng gỗ lớn; chuyển đổi một phần diện tích sang các cây trồng khác có giá trị kinh tế cao. Tham gia sâu rộng, đầy đủ với tư cách là nhà đầu tư kinh doanh tín chỉ carbon. Xây dựng hệ sinh thái ngành cao su. Phát triển sản phẩm mang thương hiệu VRG theo hướng chuẩn đồng bộ, có thương hiệu và vươn tầm quốc tế.Chuyển nhượng vốn 8 đơn vị thành viên bao gồm 4 công ty trên sàn chứng khoánVề kế hoạch tái cơ cấu, GVR lên kế hoạch chuyển nhượng vốn tại 1 đơn vị đang nắm cổ phần chi phối là CTCP Thương mại Dịch vụ và Du lịch Cao su cùng 7 đơn vị không nắm cổ phần chi phối, gồm 4 công ty đang giao dịch trên sàn chứng khoán là CTCP Phát triển Đô thị và Khu công nghiệp Cao su Việt Nam (mã VRG), CTCP Du lịch Quốc tế Vũng Tàu (mã VIR), CTCP EVN Quốc tế (mã EIC) và CTCP Đầu tư Sài Gòn VRG (mã SIP) bên cạnh 3 cái tên khác là CTCP Điện Việt Lào, CTCP Tổng công ty Xây dựng và Thủy lợi 4, CTCP BOT Quốc lộ 13 An Lộc - Hoa Lư. Ở chiều ngược lại, GVR sẽ xem xét đầu tư thêm vốn để nắm giữ quyền chi phối tại CTCP Cao su Bến Thành (mã BRC).Ngoài ra, GVR cũng sẽ sắp xếp 5 công ty thủy điện theo chỉ đạo, quyết định, phán quyết của cấp có thẩm quyền và giải thể Xí nghiệp Liên doanh Visorutex khi có đủ điều kiện theo quy định của pháp luật. Các doanh nghiệp thành viên tại Lào cũng nằm trong kế hoạch với việc sáp nhập Công ty TNHH MTV VRG Oudomxay vào CTCP Quasa Geruco, Công ty TNHH MTV Cao su Quavan vào Công ty TNHH Cao su Việt Lào.Trên thị trường chứng khoán, đóng cửa phiên 11/3, thị giá cổ phiếu GVR đạt 29.550 đồng/cổ phiếu. Đây cũng là vùng đỉnh giá 2 năm của cổ phiếu này. Vốn hóa của GVR trên thị trường hiện đạt khoảng 118.000 tỷ đồng."
"Giảm sâu 2 phiên liên tiếp, VN-Index bao giờ ngừng ""rơi""?",12-03-2024 - 00:04 AM,"TIN MỚI Áp lực chốt lời trong phiên giao dịch đầu tuần khiến thị trường tiếp đà lao dốc và VN-Index thoái lui về vùng 1.235 điểm, đánh dấu phiên giảm sâu thứ 2 liên tiếp. Thị trường dường như ""tìm được lý do để chỉnh"" khi thông tin Ngân hàng Nhà nước phát hành tín phiếu đã được công bố. Dòng tiền vẫn tiếp tục được duy trì sau phiên bùng nổ với thanh khoản khớp lệnh trên HOSE đạt mức 22.500 tỷ đồng. Dù vây, mức giảm kể trên vẫn ""chưa thấm vào đâu"" so với nhịp tăng bốc đầu hơn 200 điểm của thị trường từ đầu tháng 11/2023 đến nay. Vậy xu hướng tiếp theo của thị trường sẽ ra sao và VN-Index có thể về đâu sau hai phiên giảm mạnh?Khả năng tiệm cận lại vùng 1.200 điểmBình luận về diễn biến thị trường, ông Trần Hoàng Sơn – Giám đốc Chiến lược thị trường Chứng khoán VPBankS đánh giá VN-Index thoái lui trước vùng cản mạnh 1.280 điểm sau 4 tháng tăng điểm liên tiếp kể từ đáy tháng 11/2023, tín hiệu đảo chiều cùng thanh khoản duy trì cho thấy khả năng ""vùng phân phối"" đang diễn ra một cách rõ nét.Nhìn từ góc độ kỹ thuật, chỉ số VN-Index đã xuất hiện một nến Bearish Engulfing kèm thanh khoản lớn củng cố tín hiệu phân phối đang diễn ra với ít nhất 3 phiên trên 1 tỷ cổ phiếu được chuyển nhượng. Đây là tín hiệu cảnh báo quan trọng sau khi RSI đã đi sâu vào vùng quá mua trong 2 tuần gần đây và bắt đầu giảm khỏi vùng này. Ngoài ra, VN-Index cũng đã nằm dưới đường P.SAR cho thấy sự thận trọng là cần thiết sau khi chuyển sang tín hiệu giảm giá từ chỉ báo này. Dù xuất hiện nhiều tín hiệu đảo chiều, song chuyên gia cho rằng xu hướng tăng ngắn hạn chưa bị phá vỡ khi VN-Index vẫn nằm trên MA20 tại mức 1.232 điểm. Tuy nhiên, việc để mất 1.250 cũng là tín hiệu sớm bảo khả năng vi phạm về trend. Vùng hỗ trợ mạnh là giao thoa của 2 vùng Fibonacci lớn đang nằm ở vùng 1.200 điểm.Trên kịch bản thận trọng với xác xuất xảy ra là 70%, ông Sơn dự báo vùng hỗ trợ MA tương đương 1.232 điểm có thể bị phá vỡ, chỉ số VN-Index sẽ rơi vào sideway down vào nhịp điều chỉnh tiệm cận lại hai vùng hỗ trợ mạnh 1.200 và vùng thứ 2 là 1.160-1.170 điểm.Chuyên gia VPBankS cho rằng chiến lược thận trọng nên được ưu tiên và duy trì trong giai đoạn này khi tín hiệu phân phối đang diễn ra rõ rét. Nhà đầu tư có thể tiếp tục chốt lời với các nhóm cổ phiếu đã tăng nóng, xem xét trading một số nhóm ngành lựa chọn như chứng khoán, bán lẻ, hóa chất,...Nhà đầu tư trung hạn có thể tranh thủ cơ hội tích luỹ cổ phiếuĐồng quan điểm, ông Nguyễn Anh Khoa - Trưởng phòng Phân tích và Nghiên cứu Chứng khoán Agriseco cho rằng thị trường đối mặt áp lực chốt lời liên tiếp sau một chuỗi tăng mạnh kể từ đầu năm là điều dễ hiểu. Bên cạnh đó, việc xuất hiện nhiều lo ngại khi tỷ giá diễn biến phức tạp, khối nhà đầu tư nước ngoài và tự doanh liên tục bán ròng đã gây ảnh hưởng tiêu cực lên tâm lý của nhiều nhà đầu tư. Phiên phân phối cuối tuần trước cộng thêm phiên giảm điểm ngày 11/3 khiến rủi ro mở rộng nhịp điều chỉnh trong ngắn hạn vẫn đang hiện hữu. Mặc dù vậy, chuyên gia cho rằng ngưỡng hỗ trợ gần quanh 1.230 (+-5) điểm, tương ứng với MA20 trên khung ngày vẫn được kỳ vọng sẽ đóng vai trò điểm đỡ đáng lưu ý và chỉ số sẽ xuất hiện một nhịp hồi kỹ thuật tại đây. Trong trường hợp chỉ số không sớm chinh phục thành công ngưỡng cản 1.250 điểm sau đó, rủi ro giảm điểm xuống dưới mốc 1.200 điểm cần phải được tính đến.Dự báo về xu hướng tiếp theo của thị trường, chuyên gia Agriseco cho rằng ""phân hóa"" sẽ tiếp tục là diễn biến chủ đạo. Với xu hướng tăng điểm hiện vẫn đóng vai trò chủ đạo trong trung hạn, các nhà đầu tư được khuyến nghị có thể gia tăng tỷ trọng và ưu tiên các mã cổ phiếu đã có sẵn trong danh mục và các cổ phiếu đang được giao dịch gần vùng nền giá tích lũy. Tuy nhiên, cần lưu ý tránh mua đuổi trong các nhịp tăng điểm hưng phấn và ưu tiên việc quản trị rủi ro cho danh mục lên hàng đầu trong kịch bản ngưỡng hỗ trợ đã đề cập bị phá vỡ."
"Góc nhìn CTCK: Rủi ro giảm điểm vẫn hiện hữu, tránh mua đuổi trong những nhịp hồi",12-03-2024 - 18:49 PM,"TIN MỚI Sau phiên giảm sâu, thị trường chứng khoán trở lại đà tăng ngay đầu phiên 12/3 và duy trì sắc xanh phần lớn thời gian giao dịch. Nhóm cổ phiếu ngân hàng hồi phục cộng thêm giao dịch tích cực tại nhóm bất động sản hay họ Viettel. Kết phiên, chỉ số VN-Index tăng 9,51 điểm (+0,77%) lên mức 1.245 điểm. Giá trị khớp lệnh trên hai sàn HOSE và HNX đạt 22.445.8 tỷ đồng, giảm 13% so với phiên trước. Khối ngoại trở thành điểm trừ khi bán ròng trên toàn thị trường.Nhận định về thị trường phiên tới, các CTCK đa phần vẫn giữ quan điểm tương đối thận trọng về thị trường trước bối cảnh chỉ số đã có đà tăng mạnh trước đó và lực cầu không quá mạnh để đưa thị trường vượt cản.Theo Chứng khoán BSC, dòng tiền bắt đáy đã xuất hiện tại ngưỡng 1.235 điểm. Tuy nhiên lực cầu là không lớn, do đó vẫn tiềm ẩn rủi ro thị trường có thể tiếp tục giảm xuống vùng 1.210 – 1.220. Nhà đầu tư nên giao dịch cẩn trọng trong những phiên tới.Chứng khoán SHS cũng giữ nguyên nhận định cho rằng động lực tăng ngắn hạn của thị trường đã suy yếu. VN-Index sẽ tiếp tục đối diện ngưỡng cản trung hạn 1.250 điểm, song ngay cả trong trường hợp lấy lại được mốc này thì khả năng VN-Index hình thành uptrend mạnh mẽ cũng không quá cao, mà sẽ nghiêng về kịch bản giao dịch trong vùng tích lũy trung hạn 1.150 điểm - 1.250 điểm.Chứng khoán Yuanta cho rằng thị trường có thể sẽ còn giằng co với các nhịp tăng giảm đan xen trong phiên tiếp theo. Đồng thời, thị trường vẫn đang trong giai đoạn tích lũy ngắn hạn do đó dòng tiền sẽ phân hóa giữa các nhóm cổ phiếu. Riêng nhóm vốn hóa lớn có thể đối mặt với xu hướng giảm ngắn hạn, trong khi đó dòng tiền có thể sẽ tiếp tục gia tăng vào nhóm cổ phiếu vốn hóa vừa và nhỏ. Đồng thời nhà đầu tư vẫn chưa sẵn sàng quay trở lại thị trường và nhịp điều chỉnh có thể vẫn còn diễn ra trong phiên tới. Yuata khuyến nghị các nhà đầu tư ngắn hạn có thể tiếp tục nắm giữ tỷ trọng cổ phiếu cân bằng và ưu tiên nắm giữ nhóm cổ phiếu vừa và nhỏ. Đồng thời, NĐT chưa nên vội bắt đáy ở nhóm cổ phiếu vốn hóa lớn và cần chờ thêm cơ hội ở vài phiên chiết khấu sắp tới.Theo quan điểm của Chứng khoán Tiên Phong (TPS), nhiều khả năng thị trường vừa có phiên phục hồi kỹ thuật, lực mua và dòng tiền vẫn chưa thể hiện được ưu thế vượt trội. Trong phiên kế tiếp, chỉ số VN-Index sẽ kiểm định lại vùng hỗ trợ quan trọng tại 1.235-1.240 điểm. Nếu mức hỗ trợ bị phá vỡ, lực bán mạnh có thể khiến chỉ số giảm về vùng 1.230-1.235 điểm. Trong kịch bản tích cực hơn, nếu lực mua xuất hiện và chiếm ưu thế hơn, VN-Index có thể tiếp tục hướng tới ngưỡng kháng cự nằm quanh vùng 1.250-1.260 điểm. Nhà đầu tư cần theo dõi sát động thái phát hành tín phiếu của NHNN để đánh giá ảnh hưởng đến tâm lý thị trường và biến động chỉ số.Đồng quan điểm, Chứng khoán Asean cho rằng đây hoàn toàn có thể là một nhịp hồi kỹ thuật mang tính T+. Thị trường hồi phục tăng điểm trở lại với thanh khoản thấp cho thấy dòng tiền có xu hướng trở nên ""dè chừng"" hơn. Trong khi đó tín hiệu cho thấy thị trường chưa tìm thấy vùng cân bằng, tuy nhiên đà tăng điểm có thể tiếp diễn trong phiên kế tiếp.AseanSe khuyến nghị nhà đầu tư tránh mua đuổi, tận dụng các nhịp phục hồi để tái cơ cấu danh mục, mua khi thị trường đạt được mức cân bằng quanh ngưỡng 1.200 - 1.220 điểm."
"Cùng chiều khối ngoại, tự doanh CTCK quay đầu bán ròng trăm tỷ trong phiên 12/3",12-03-2024 - 17:59 PM,"TIN MỚI Thị trường chứng khoán có phiên giao dịch 12/3 tương đối tích cực với việc VN-Index ghi nhận sắc xanh phần lớn thời gian giao dịch. Kết phiên VN-Index tăng 9,51 điểm lên ngưỡng 1.245 điểm. Giao dịch khối ngoại là điểm trừ khi bán ròng 213 tỷ đồng trên toàn thị trường.Trong bối cảnh đó, tự doanh CTCK quay đầu bán ròng với giá trị hơn 148 tỷ đồng trên toàn thị trường.Trên sàn HoSE, tự doanh CTCK ghi nhận bán ròng 133 tỷ đồng, trong đó bán ròng 178 tỷ đồng trên kênh khớp lệnh nhưng mua ròng hơn 44 tỷ tại kênh thoả thuận.Cụ thể, giao dịch của các CTCK bán ròng mạnh nhất tại cổ phiếu FPT với gần 37 tỷ đồng, theo sau VPB và TCB cũng bị bán ròng lần lượt 31 tỷ và 25 tỷ đồng. Bên cạnh đó, MSN cũng bị bán ròng 25 tỷ. Các cổ phiếu bị bán ròng trong phiên hôm nay còn có loạt mã như VIC, BID, ACB, HDB, VNM, CTG,…Ngược lại, nhóm CTCK mua ròng mạnh nhất tại chứng chỉ quỹ E1VFVN30 với 46 tỷ, theo sau là FCN và FUESSVFL lần lượt được mua ròng 31 tỷ và 27 tỷ. Bên cạnh đó, các mã như STB, MBB, DBC, HPG, HDG… cũng được mua ròng trong phiên 12/3.Trên HNX, tự doanh CTCK bán ròng gần 5 tỷ đồng, trong đó bán ròng gần 8 tỷ tại IDC, ngược lại mua ròng PVC và PVS với hơn 1 tỷ đồng tại mỗi cổ phiếu.Trên UPCoM, tự doanh CTCK bán ròng 10 tỷ đồng, trong đó MCH bị bán ròng 7 tỷ đồng, ACV bị bán ròng hơn 2 tỷ đồng."
"Khối ngoại bán ròng hơn 200 tỷ đồng trong phiên VN-Index hồi phục, tâm điểm MWG và một cổ phiếu chứng khoán",12-03-2024 - 15:16 PM,"TIN MỚI Sau hai phiên giảm sâu, tâm lý thị trường ổn định trở lại giúp VN-Index duy trì sắc xanh trong gần như cả phiên giao dịch. Chỉ số khép lại phiên 12/3 với mức tăng 9,5 điểm (tương đương 0,77%) lên 1.245 điểm. Dòng tiền có phần hụt hơi với thanh khoản khớp lệnh trên HOSE gần 19.800 tỷ đồng.Về giao dịch khối ngoại, họ đã bán ròng 213 tỷ đồng trên toàn thị trường.Trên HOSE, khối ngoại bán ròng với giá trị xấp xỉ 174 tỷ đồng.Tại chiều mua, tâm điểm mua ròng là cổ phiếu EIB với giá trị 71 tỷ đồng. Khối ngoại cũng gom mạnh HAH và VRE với giá trị 64 và 58 tỷ đồng. Bên cạnh đó, STB và FRT là hai cổ phiếu được mua ròng lần lượt 52 và 49 tỷ đồng trên HOSE.Ngược lại, MWG chịu áp lực bán mạnh nhất của khối ngoại với giá trị 263 tỷ đồng, VIX và MSN là hai cổ phiếu tiếp theo bị bán 145 và 54 tỷ đồng tỷ đồng mỗi mã.Trên HNX, khối ngoại bán ròng 16 tỷ đồngTại chiều mua, IDC được mua ròng mạnh nhất với giá trị 25 tỷ đồng. Bên cạnh đó, TNG xếp tiếp theo trong danh sách mua ròng mạnh trên HNX với 11 tỷ đồng. Ngoài ra, khối ngoại cũng mua ròng DTD, MBS, GKM với giá trị không quá lớn.Ngược lại, SHS là mã chịu áp lực bán ròng của khối ngoại với giá trị 49 tỷ đồng; theo sau PVS bị bán khoảng 17 tỷ đồng.Trên UPCOM, khối ngoại bán ròng 23 tỷ đồngChiều mua, cổ phiếu MCH được khối ngoại mua 14 tỷ đồng. Theo sau, VGT và RCC cũng được mua ròng mỗi mã vài tỷ đồng.Ngược chiều, VEA hôm nay bị khối ngoại bán ròng khoảng 11 tỷ đồng; ngoài ra họ cũng bán ròng tại BSR, ACV, QNS,..."
"Chứng khoán Vietcap muốn phát hành thêm 281 triệu cổ phiếu trong năm 2024, tăng vốn lên gần 7.200 tỷ đồng",12-03-2024 - 14:47 PM,"VCI: Giá hiện tại Thay đổi Xem hồ sơ doanh nghiệp TIN MỚI Ngày 2/4 tới đây, CTCP Chứng khoán Vietcap (mã VCI) dự kiến họp ĐHĐCĐ thường niên 2024. Tài liệu họp đã được công bố.Bước sang năm 2024, Vietcap lên kế hoạch doanh thu 2.511 tỷ đồng và lãi trước thuế 700 tỷ đồng, lần lượt tăng 2% và 23% so với thực hiện trong năm trước. Kế hoạch được xây dựng trên cơ sở VN-Index sẽ dao động quanh 1.300 điểm vào cuối năm 2024.Mức cổ tức sẽ ủy quyền cho HĐQT quyết định, dự kiến là 5% - 10%.Theo Vietcap, thị trường chứng khoán năm 2024 dự kiến sẽ có nhiều khởi sắc và lạc quan nhờ vào sự phục hồi của các doanh nghiệp, kết hợp với việc lãi suất tiếp tục được duy trì ở mức thấp và định giá doanh nghiệp đã rơi vào vùng hấp dẫn trong dài hạn.Công ty sẽ tiếp tục tập trung phát triển lĩnh vực môi giới bán lẻ cho nhà đầu tư cá nhân, lấy khách hàng là trọng tâm và tập trung phát triển chất lượng dịch vụ phục vụ cho khách hàng nhiều hơn là chiến lược hạ giá phí. Công ty tiếp tục đầu tư vào công nghệ bằng việc mở rộng số lượng nhân sự ở bộ phận phát triển sản phẩm, đổi mới sáng tạo, đầu tư vào hạ tầng công nghệ để tiếp tục cải tiến các tính năng trong phần mềm giao dịch, tạo ra nhiều sản phẩm hơn. Bên cạnh công nghệ, công ty cũng gia tăng việc đào tạo nhân viên môi giới, nhân viên dịch vụ khách hàng, tăng các kênh phân phối.Đáng chú ý, Vietcap sẽ trình cổ đông thông qua ba phương án tăng vốn nhằm đáp ứng xu hướng tiếp tục tăng trưởng về quy mô của thị trường chứng khoán. Nếu hoàn tất 100%, vốn điều lệ của công ty chứng khoán này sẽ tăng từ 4.375 tỷ đồng lên gần 7.200 tỷ đồng.Cụ thể, phương án đầu tiên là phát hành 4,4 triệu cổ phiếu ưu đãi cho người lao động (ESOP). Giá bán 12.000 đồng/cp, tương ứng thu về gâng 53 tỷ đòng. Số cổ phiếu ESOP mới phát hành sẽ hạn chế chuyển nhượng 1 năm. Tổng tiền thu được dự kiến được sử dụng để bổ sung vốn lưu động và giảm nợ vay. Thứ hai là phương án phát hành gần 133 triệu cổ phiếu thưởng cho cổ đông hiện hữu từ nguồn vốn chủ sở hữu theo tỷ lệ 30%, tương ứng cổ đông sở hữu mỗi 10 cổ phiếu sẽ nhận được về 3 cổ phiếu mới. Thời điểm phát hành sẽ diễn ra sau khi hoàn thành việc phát hành cổ phiếu ESOP. Cổ phiếu phát hành không bị hạn chế chuyển nhượng.Thứ ba là phương án chào bán riêng lẻ gần 144 triệu cổ phiếu cho nhà đầu tư trong và ngoài nước có năng lực tài chính, nhà đầu tư chứng khoán chuyên nghiệp. Thời gian phát hành dự kiến trong năm 2024, sau khi hoàn thành việc phát hành cổ phiếu theo chương trình lựa chọn cho người lao động và phát hành cổ phiếu thưởng. Toàn bộ cổ phiếu chào bán riêng lẻ đều bị hạn chế chuyển nhượng tối thiểu là 1 năm kể từ ngày hoàn thành đợt chào bán.Giá chào bán không thấp hơn giá trị sổ sách tại thời điểm 31/12/2023 là 16.849 đồng/cp. Như vậy, Vietcap dự kiến thu về tối thiểu là 2.420 tỷ đồng nhằm bổ sung vốn cho hoạt động cho vay giao dịch ký quỹ và tự doanh.Ngoài ra, đại hội cũng sẽ xem xét miễn nhiệm ông Nguyễn Hoàng Bảo - thành viên HĐQT. Ông Bảo đã nộp đơn từ nhiệm vào ngày 6/3 vừa qua. Được biết, ông Bảo là chồng bà Nguyễn Thanh Phượng, Chủ tịch HĐQT Vietcap. Trên thị trường, cổ phiếu VCI chốt phiên 12/3 đạt 48.300 đồng/cp."
Chủ tịch HĐQT Đỗ Quang Vinh lên chiến lược lấy SHS làm lá cờ đầu của Tập đoàn tài chính đầu tư,12-03-2024 - 13:30 PM,"SHS: Giá hiện tại Thay đổi Xem hồ sơ doanh nghiệp TIN MỚI Ông Đỗ Quang Vinh – Chủ tịch Hội đồng Quản trị Công ty CP Chứng khoán Sài Gòn – Hà Nội (mã chứng khoán: SHS) đã có những chia sẻ về kế hoạch của một doanh nghiệp vừa là công ty chứng khoán, vừa là tổ chức niêm yết. Ông đánh giá thế nào về thị trường chứng khoán năm 2023, triển vọng 2024 và xin ông chia sẻ đôi nét về thành tựu của SHS năm vừa qua? Thị trường chứng khoán Việt Nam năm 2023, theo tôi là khá tích cực. Sau năm 2022 giảm mạnh, các chỉ số chính đều tăng trưởng, trong đó VN-Index tăng 12,2%, mức khá cao nếu so với các thị trường khác trong khu vực Đông Nam Á. Điều này cũng có ý nghĩa nếu đặt trong bối cảnh tình hình thế giới nhiều biến động, kinh tế Việt Nam suy giảm tăng trưởng và dòng tiền ngoại bán ròng mạnh. Năm 2023, SHS ghi nhận kết quả kinh doanh tích cực với 684 tỷ đồng lãi trước thuế, tăng 247% so với năm 2022 và đứng trong Top 10 các công ty chứng khoán có lợi nhuận lớn nhất thị trường. Chúng tôi cũng đã chính thức triển khai cung cấp dịch vụ chứng khoán phái sinh qua đó khách hàng của SHS có thêm công cụ phòng ngừa rủi ro biến động trên thị trường cơ sở. Trong năm 2024, Việt Nam tiếp tục phải đối mặt với thách thức từ bên ngoài khi kinh tế toàn cầu được nhận định sẽ ""hạ cánh mềm"", tốc độ tăng trưởng sụt giảm trong khi xung đột địa chính trị tại một số khu vực chưa chấm dứt, rủi ro phân mảnh kinh tế gia tăng. Tuy vậy, theo quan điểm của tôi triển vọng kinh tế của Việt Nam năm 2024 vẫn được đánh giá tích cực với tốc độ tăng trưởng cao hơn so với năm 2023 nhờ động lực tới từ khu vực FDI, chính sách tài khóa nới lỏng, áp lực lãi suất, tỷ giá từ bên ngoài giảm bớt. Đây là những yếu tố rất quan trọng tạo nền tảng ổn định cho thị trường chứng khoán từ đó tạo đà cho sự phát triển trong những năm tiếp theo. Ngoài ra, với định hướng giảm dần lãi suất từ nửa cuối năm 2024 của FED, lãi suất trên toàn cầu dự báo sẽ hạ nhiệt, tạo cơ sở cho việc dòng vốn ngoại quay trở lại với các thị trường mới nổi và cận biên trong đó có Việt Nam. Mới đây, ông đã đăng ký mua vào cổ phiếu SHS, vậy về dài hạn SHS có chiến lược phát triển mang tính đột phá nào thưa ông? Về dài hạn, cụ thể là từ nay đến năm 2030, Hội đồng Quản trị SHS định hướng sẽ lấy SHS làm lá cờ đầu, sớm xây dựng một Tập đoàn tài chính đầu tư hàng đầu Việt Nam mà trong đó SHS là trung tâm cốt lõi. Tập đoàn tài chính sẽ bao gồm SHS và những công ty thành viên hoàn toàn mới của thị trường tài chính. Với sự hỗ trợ của những công ty thành viên chuyên biệt khác, SHS sẽ có nhiều động lực cất cánh trong lĩnh vực chứng khoán. Trong thời gian 1 đến 2 năm tới, SHS sẽ có kế hoạch cụ thể trình Đại hội đồng cổ đông. Với quy mô vốn điều lệ 8.131 tỷ đồng, tài sản 11.457 tỷ đồng và lợi nhuận năm 2023 đạt 684 tỷ đồng, SHS có thế mạnh là một trong những công ty chứng khoán niêm yết có hiệu suất sử dụng vốn hiệu quả trên thị trường. Chúng tôi sẽ tiếp tục nâng cao năng lực tài chính, đi theo đó là biện pháp đảm bảo an toàn để tối đa hóa hiệu quả sử dụng vốn hơn nữa. Chúng tôi phát huy thế mạnh về việc sử dụng vốn hiệu quả đó để cung cấp cho khách hàng sản phẩm tư vấn đầu tư toàn diện và giúp khách hàng quản lý tài sản một cách tối ưu. Với kế hoạch chiến lược trên, tôi với tư cách một nhà đầu tư cũng đã đăng ký đầu tư thêm 5 triệu cổ phiếu SHS nhằm gia tăng tỷ lệ sở hữu của mình. Dự kiến sau khi giao dịch diễn ra thành công, tỷ lệ cổ phiếu nắm giữ của tôi là 1,54% vốn điều lệ của SHS. Có thể nói đây là tỷ lệ không lớn, nhưng thể hiện sự tin tưởng của cá nhân tôi vào đường lối phát triển trong tương lai của SHS, cam kết đồng hành và hướng tới lợi ích cao nhất cho cổ đông. Chúng tôi tin tưởng rằng, với đội ngũ nhân viên nhiệt huyết, tận tâm, giàu khí chất, giàu sáng tạo và giàu kinh nghiệm, cùng với chiến lược phát triển rõ ràng và lợi thế về tài chính, SHS sẽ tiếp tục gặt hái được những thành công trong tương lai, khẳng định vị thế riêng của mình.Ông Đỗ Quang Vinh – Chủ tịch HĐQT SHS Trên cương vị Chủ tịch HĐQT, xin ông cho biết SHS sẽ thực hiện kế hoạch gì trong năm 2024? Trong bối cảnh đã nhận định và trên cơ sở phát huy những thành quả đã đạt được trong hơn 15 năm qua, SHS trong năm 2024 sẽ triển khai các giải pháp nhằm tăng cường nội lực, gia tăng năng lực cạnh tranh, khẳng định vị thế. Tôn chỉ hoạt động của SHS là lấy khách hàng làm trọng tâm, năng động đổi mới, sáng tạo nhằm nâng cao chất lượng sản phẩm dịch vụ, phục vụ tốt nhất và đáp ứng mọi nhu cầu của khách hàng, lấy sự hài lòng và lợi ích của khách hàng làm động lực cho mọi mảng hoạt động kinh doanh của Công ty. Theo đó, nhiệm vụ đầu tiên, chúng tôi sẽ đổi mới cơ cấu tổ chức, nâng cấp quy trình nghiệp vụ nhằm hướng tới một tổ chức ngày càng chuyên nghiệp, bài bản, minh bạch nhằm tập trung phục vụ nhanh chóng, hiệu quả và bám sát biến động thị trường. Chúng tôi có thể tính đến việc xây dựng bộ máy quản trị, từ HĐQT, Ban Kiểm soát hoặc Ban Điều hành có sự tham gia của nguồn lực nước ngoài, thu hút đội ngũ nhân sự là các chuyên gia đầu ngành nhằm đưa tới sản phẩm dịch vụ tốt nhất tới khách hàng. SHS dự kiến sẽ mở rộng mặt bằng văn phòng, xây dựng môi trường làm việc năng động, hiện đại, tiện nghi, phát huy được sự sáng tạo của CBNV. Mặc dù chế độ đãi ngộ hiện tại của SHS đạt mức khá cao trên thị trường lao động, SHS sẽ tiếp tục chú trọng nâng cao chính sách thu hút nhân tài, tương xứng với tầm vóc và giai đoạn phát triển mới của SHS. Thứ hai, trong thời đại chuyển đổi số diễn ra mạnh mẽ trong mọi lĩnh vực đặc biệt là trong ngành tài chính, chứng khoán, SHS sẽ tiếp tục đẩy mạnh đầu tư vào hạ tầng công nghệ và dịch vụ trực tuyến để tối ưu hóa trải nghiệm giao dịch cho khách hàng. Đồng thời, SHS tập trung hoàn thiện hệ thống công nghệ thông tin nhanh chóng kịp thời theo định hướng của cơ quan quản lý Nhà nước trong việc nâng cấp, đáp ứng yêu cầu năng lực giao dịch, thanh toán bù trừ, cho vay,… của FTSE Russell và MSCI. Thứ ba, chúng tôi thực hiện cấu trúc, đa dạng hóa sản phẩm dịch vụ đáp ứng mọi nhu cầu của khách hàng với chi phí cạnh tranh. Đảm bảo SHS luôn đổi mới, hướng tới đi đầu trong xu hướng phát triển sản phẩm dịch vụ tài chính cũng như chứng khoán. Đối với mảng IB, SHS sẽ ưu tiên việc hợp tác nhằm nâng cao năng lực thu xếp vốn cho các tổ chức và doanh nghiệp lớn trong các lĩnh vực trọng điểm của nền kinh tế và qua đó không chỉ cung cấp các dịch vụ Ngân hàng đầu tư như bảo lãnh phát hành, tư vấn cổ phần hóa, thoái vốn, chào bán cổ phần, niêm yết cổ phiếu,… mà còn cam kết tư vấn tài chính, tư vấn đầu tư và tư vấn chiến lược huy động vốn hiệu quả cho khách hàng. SHS sẽ tận dụng các thế mạnh của mình về hệ sinh thái rất đa dạng, uy tín và mối quan hệ để trở thành đối tác tin cậy của các tổ chức và doanh nghiệp lớn, đồng hành cùng khách hàng trong quá trình phát triển và mở rộng hoạt động kinh doanh. SHS sẽ cung cấp các giải pháp tài chính toàn diện, phù hợp với nhu cầu và điều kiện của từng khách hàng, đồng thời đảm bảo tính minh bạch, an toàn và hiệu quả cao. Việc tư vấn nâng cao chất lượng hàng hóa trên thị trường niêm yết và khẳng định cơ sở niềm tin cho nhà đầu tư vào các doanh nghiệp cũng chính là góp phần thúc đẩy tiến trình nâng hạng của thị trường. Xin Ông cho biết một số hoạt động của SHS theo định hướng của Chính phủ đối với TTCK trong thời gian gần đây? Theo tôi được biết, mới đây, Chính phủ đã đưa ra chỉ đạo về Chiến lược phát triển thị trường chứng khoán đến năm 2030 tại Quyết định số 1726/QĐ-TTg ngày 29/12/2023. Để phù hợp theo chiến lược trên, SHS sẽ đẩy mạnh hoạt động đầu tư và phát hành các loại Trái phiếu Xanh, Trái phiếu Xã hội và Trái phiếu Bền vững... SHS cam kết sẽ hỗ trợ doanh nghiệp trong việc huy động vốn cho các dự án có ảnh hưởng tích cực đối với môi trường và xã hội, tài chính sáng tạo nhằm hỗ trợ các Mục tiêu Phát triển Bền vững, tạo ra các giá trị gia tăng cho cổ đông và cộng đồng đầu tư. Đặc biệt, bên cạnh việc tuân thủ mọi quy định của pháp luật trong nước, SHS sẽ tăng cường hợp tác với các tổ chức tài chính quốc tế, tuân thủ các chuẩn mực, quy định và biện pháp thực thi tốt nhất của thị trường chứng khoán quốc tế, đảm bảo tính minh bạch cao. Từ đó, định mức tín nhiệm của SHS được nâng tầm, tạo điều kiện thuận lợi hơn cho các hoạt động đàm phán, giao thương mang tính khu vực và quốc tế. SHS sẽ tận dụng các cơ hội hợp tác, giao dịch và thu hút nguồn vốn FDI, giúp kích cầu và khơi thông nguồn vốn đầu tư gián tiếp vào thị trường chứng khoán trong nước. Đối với mảng Môi giới bán lẻ, ngoài những sản phẩm hiện đang có để phục vụ khách hàng và vẫn đang được khách hàng đánh giá cao, chúng tôi sẽ mang đến cho nhóm khách hàng phân khúc cao cấp một hệ thống sản phẩm mà kèm theo đó là những giá trị gia tăng, bên cạnh mối quan tâm chính là tối ưu hiệu quả đầu tư tài chính. Chúng tôi quyết tâm sớm lấy lại vị trí Top 10 thị phần môi giới trên cả hai Sàn HSX và HNX. Xin cảm ơn ông!"
